"시점",아시아,아시아,아시아,아시아,아시아,아시아,아시아,아시아,아시아,아시아,아시아,아시아,아시아,아시아,아시아,아시아,아시아,아시아,아시아,대한민국,대한민국,대한민국,대한민국,대한민국,대한민국,대한민국,대한민국,대한민국,대한민국,대한민국,대한민국,대한민국,대한민국,대한민국,대한민국,대한민국,대한민국,대한민국,이스라엘,이스라엘,이스라엘,이스라엘,이스라엘,이스라엘,이스라엘,이스라엘,이스라엘,이스라엘,이스라엘,이스라엘,이스라엘,이스라엘,이스라엘,이스라엘,이스라엘,이스라엘,이스라엘,일본,일본,일본,일본,일본,일본,일본,일본,일본,일본,일본,일본,일본,일본,일본,일본,일본,일본,일본,튀르키예,튀르키예,튀르키예,튀르키예,튀르키예,튀르키예,튀르키예,튀르키예,튀르키예,튀르키예,튀르키예,튀르키예,튀르키예,튀르키예,튀르키예,튀르키예,튀르키예,튀르키예,튀르키예,북아메리카,북아메리카,북아메리카,북아메리카,북아메리카,북아메리카,북아메리카,북아메리카,북아메리카,북아메리카,북아메리카,북아메리카,북아메리카,북아메리카,북아메리카,북아메리카,북아메리카,북아메리카,북아메리카,캐나다,캐나다,캐나다,캐나다,캐나다,캐나다,캐나다,캐나다,캐나다,캐나다,캐나다,캐나다,캐나다,캐나다,캐나다,캐나다,캐나다,캐나다,캐나다,멕시코,멕시코,멕시코,멕시코,멕시코,멕시코,멕시코,멕시코,멕시코,멕시코,멕시코,멕시코,멕시코,멕시코,멕시코,멕시코,멕시코,멕시코,멕시코,미국,미국,미국,미국,미국,미국,미국,미국,미국,미국,미국,미국,미국,미국,미국,미국,미국,미국,미국,남아메리카,남아메리카,남아메리카,남아메리카,남아메리카,남아메리카,남아메리카,남아메리카,남아메리카,남아메리카,남아메리카,남아메리카,남아메리카,남아메리카,남아메리카,남아메리카,남아메리카,남아메리카,남아메리카,칠레,칠레,칠레,칠레,칠레,칠레,칠레,칠레,칠레,칠레,칠레,칠레,칠레,칠레,칠레,칠레,칠레,칠레,칠레,콜롬비아,콜롬비아,콜롬비아,콜롬비아,콜롬비아,콜롬비아,콜롬비아,콜롬비아,콜롬비아,콜롬비아,콜롬비아,콜롬비아,콜롬비아,콜롬비아,콜롬비아,콜롬비아,콜롬비아,콜롬비아,콜롬비아,코스타리카,코스타리카,코스타리카,코스타리카,코스타리카,코스타리카,코스타리카,코스타리카,코스타리카,코스타리카,코스타리카,코스타리카,코스타리카,코스타리카,코스타리카,코스타리카,코스타리카,코스타리카,코스타리카,유럽,유럽,유럽,유럽,유럽,유럽,유럽,유럽,유럽,유럽,유럽,유럽,유럽,유럽,유럽,유럽,유럽,유럽,유럽,오스트리아,오스트리아,오스트리아,오스트리아,오스트리아,오스트리아,오스트리아,오스트리아,오스트리아,오스트리아,오스트리아,오스트리아,오스트리아,오스트리아,오스트리아,오스트리아,오스트리아,오스트리아,오스트리아,벨기에,벨기에,벨기에,벨기에,벨기에,벨기에,벨기에,벨기에,벨기에,벨기에,벨기에,벨기에,벨기에,벨기에,벨기에,벨기에,벨기에,벨기에,벨기에,체코,체코,체코,체코,체코,체코,체코,체코,체코,체코,체코,체코,체코,체코,체코,체코,체코,체코,체코,덴마크,덴마크,덴마크,덴마크,덴마크,덴마크,덴마크,덴마크,덴마크,덴마크,덴마크,덴마크,덴마크,덴마크,덴마크,덴마크,덴마크,덴마크,덴마크,에스토니아,에스토니아,에스토니아,에스토니아,에스토니아,에스토니아,에스토니아,에스토니아,에스토니아,에스토니아,에스토니아,에스토니아,에스토니아,에스토니아,에스토니아,에스토니아,에스토니아,에스토니아,에스토니아,핀란드,핀란드,핀란드,핀란드,핀란드,핀란드,핀란드,핀란드,핀란드,핀란드,핀란드,핀란드,핀란드,핀란드,핀란드,핀란드,핀란드,핀란드,핀란드,프랑스,프랑스,프랑스,프랑스,프랑스,프랑스,프랑스,프랑스,프랑스,프랑스,프랑스,프랑스,프랑스,프랑스,프랑스,프랑스,프랑스,프랑스,프랑스,독일,독일,독일,독일,독일,독일,독일,독일,독일,독일,독일,독일,독일,독일,독일,독일,독일,독일,독일,그리스,그리스,그리스,그리스,그리스,그리스,그리스,그리스,그리스,그리스,그리스,그리스,그리스,그리스,그리스,그리스,그리스,그리스,그리스,헝가리,헝가리,헝가리,헝가리,헝가리,헝가리,헝가리,헝가리,헝가리,헝가리,헝가리,헝가리,헝가리,헝가리,헝가리,헝가리,헝가리,헝가리,헝가리,아이슬란드,아이슬란드,아이슬란드,아이슬란드,아이슬란드,아이슬란드,아이슬란드,아이슬란드,아이슬란드,아이슬란드,아이슬란드,아이슬란드,아이슬란드,아이슬란드,아이슬란드,아이슬란드,아이슬란드,아이슬란드,아이슬란드,아일랜드,아일랜드,아일랜드,아일랜드,아일랜드,아일랜드,아일랜드,아일랜드,아일랜드,아일랜드,아일랜드,아일랜드,아일랜드,아일랜드,아일랜드,아일랜드,아일랜드,아일랜드,아일랜드,이탈리아,이탈리아,이탈리아,이탈리아,이탈리아,이탈리아,이탈리아,이탈리아,이탈리아,이탈리아,이탈리아,이탈리아,이탈리아,이탈리아,이탈리아,이탈리아,이탈리아,이탈리아,이탈리아,라트비아,라트비아,라트비아,라트비아,라트비아,라트비아,라트비아,라트비아,라트비아,라트비아,라트비아,라트비아,라트비아,라트비아,라트비아,라트비아,라트비아,라트비아,라트비아,리투아니아,리투아니아,리투아니아,리투아니아,리투아니아,리투아니아,리투아니아,리투아니아,리투아니아,리투아니아,리투아니아,리투아니아,리투아니아,리투아니아,리투아니아,리투아니아,리투아니아,리투아니아,리투아니아,룩셈부르크,룩셈부르크,룩셈부르크,룩셈부르크,룩셈부르크,룩셈부르크,룩셈부르크,룩셈부르크,룩셈부르크,룩셈부르크,룩셈부르크,룩셈부르크,룩셈부르크,룩셈부르크,룩셈부르크,룩셈부르크,룩셈부르크,룩셈부르크,룩셈부르크,네덜란드,네덜란드,네덜란드,네덜란드,네덜란드,네덜란드,네덜란드,네덜란드,네덜란드,네덜란드,네덜란드,네덜란드,네덜란드,네덜란드,네덜란드,네덜란드,네덜란드,네덜란드,네덜란드,노르웨이,노르웨이,노르웨이,노르웨이,노르웨이,노르웨이,노르웨이,노르웨이,노르웨이,노르웨이,노르웨이,노르웨이,노르웨이,노르웨이,노르웨이,노르웨이,노르웨이,노르웨이,노르웨이,폴란드,폴란드,폴란드,폴란드,폴란드,폴란드,폴란드,폴란드,폴란드,폴란드,폴란드,폴란드,폴란드,폴란드,폴란드,폴란드,폴란드,폴란드,폴란드,포르투갈,포르투갈,포르투갈,포르투갈,포르투갈,포르투갈,포르투갈,포르투갈,포르투갈,포르투갈,포르투갈,포르투갈,포르투갈,포르투갈,포르투갈,포르투갈,포르투갈,포르투갈,포르투갈,슬로바키아,슬로바키아,슬로바키아,슬로바키아,슬로바키아,슬로바키아,슬로바키아,슬로바키아,슬로바키아,슬로바키아,슬로바키아,슬로바키아,슬로바키아,슬로바키아,슬로바키아,슬로바키아,슬로바키아,슬로바키아,슬로바키아,슬로베니아,슬로베니아,슬로베니아,슬로베니아,슬로베니아,슬로베니아,슬로베니아,슬로베니아,슬로베니아,슬로베니아,슬로베니아,슬로베니아,슬로베니아,슬로베니아,슬로베니아,슬로베니아,슬로베니아,슬로베니아,슬로베니아,스페인,스페인,스페인,스페인,스페인,스페인,스페인,스페인,스페인,스페인,스페인,스페인,스페인,스페인,스페인,스페인,스페인,스페인,스페인,스웨덴,스웨덴,스웨덴,스웨덴,스웨덴,스웨덴,스웨덴,스웨덴,스웨덴,스웨덴,스웨덴,스웨덴,스웨덴,스웨덴,스웨덴,스웨덴,스웨덴,스웨덴,스웨덴,스위스,스위스,스위스,스위스,스위스,스위스,스위스,스위스,스위스,스위스,스위스,스위스,스위스,스위스,스위스,스위스,스위스,스위스,스위스,영국,영국,영국,영국,영국,영국,영국,영국,영국,영국,영국,영국,영국,영국,영국,영국,영국,영국,영국,유로지역,유로지역,유로지역,유로지역,유로지역,유로지역,유로지역,유로지역,유로지역,유로지역,유로지역,유로지역,유로지역,유로지역,유로지역,유로지역,유로지역,유로지역,유로지역,오세아니아,오세아니아,오세아니아,오세아니아,오세아니아,오세아니아,오세아니아,오세아니아,오세아니아,오세아니아,오세아니아,오세아니아,오세아니아,오세아니아,오세아니아,오세아니아,오세아니아,오세아니아,오세아니아,오스트레일리아,오스트레일리아,오스트레일리아,오스트레일리아,오스트레일리아,오스트레일리아,오스트레일리아,오스트레일리아,오스트레일리아,오스트레일리아,오스트레일리아,오스트레일리아,오스트레일리아,오스트레일리아,오스트레일리아,오스트레일리아,오스트레일리아,오스트레일리아,오스트레일리아,뉴질랜드,뉴질랜드,뉴질랜드,뉴질랜드,뉴질랜드,뉴질랜드,뉴질랜드,뉴질랜드,뉴질랜드,뉴질랜드,뉴질랜드,뉴질랜드,뉴질랜드,뉴질랜드,뉴질랜드,뉴질랜드,뉴질랜드,뉴질랜드,뉴질랜드
"시점",총사망자,특정감염성 및 기생충성질환,- 호흡기결핵,악성신생물(암),- 위,- 간 및 간내 쓸개관,- 기관·기관지 및 폐,- 유방,당뇨병,순환기계통의 질환,- 고혈압성질환,- 허혈성심질환,- 뇌혈관질환,호흡기계통의 질환,소화기계통의 질환,- 간질환,사망의 외부요인,- 운수사고,- 고의적 자해(자살),총사망자,특정감염성 및 기생충성질환,- 호흡기결핵,악성신생물(암),- 위,- 간 및 간내 쓸개관,- 기관·기관지 및 폐,- 유방,당뇨병,순환기계통의 질환,- 고혈압성질환,- 허혈성심질환,- 뇌혈관질환,호흡기계통의 질환,소화기계통의 질환,- 간질환,사망의 외부요인,- 운수사고,- 고의적 자해(자살),총사망자,특정감염성 및 기생충성질환,- 호흡기결핵,악성신생물(암),- 위,- 간 및 간내 쓸개관,- 기관·기관지 및 폐,- 유방,당뇨병,순환기계통의 질환,- 고혈압성질환,- 허혈성심질환,- 뇌혈관질환,호흡기계통의 질환,소화기계통의 질환,- 간질환,사망의 외부요인,- 운수사고,- 고의적 자해(자살),총사망자,특정감염성 및 기생충성질환,- 호흡기결핵,악성신생물(암),- 위,- 간 및 간내 쓸개관,- 기관·기관지 및 폐,- 유방,당뇨병,순환기계통의 질환,- 고혈압성질환,- 허혈성심질환,- 뇌혈관질환,호흡기계통의 질환,소화기계통의 질환,- 간질환,사망의 외부요인,- 운수사고,- 고의적 자해(자살),총사망자,특정감염성 및 기생충성질환,- 호흡기결핵,악성신생물(암),- 위,- 간 및 간내 쓸개관,- 기관·기관지 및 폐,- 유방,당뇨병,순환기계통의 질환,- 고혈압성질환,- 허혈성심질환,- 뇌혈관질환,호흡기계통의 질환,소화기계통의 질환,- 간질환,사망의 외부요인,- 운수사고,- 고의적 자해(자살),총사망자,특정감염성 및 기생충성질환,- 호흡기결핵,악성신생물(암),- 위,- 간 및 간내 쓸개관,- 기관·기관지 및 폐,- 유방,당뇨병,순환기계통의 질환,- 고혈압성질환,- 허혈성심질환,- 뇌혈관질환,호흡기계통의 질환,소화기계통의 질환,- 간질환,사망의 외부요인,- 운수사고,- 고의적 자해(자살),총사망자,특정감염성 및 기생충성질환,- 호흡기결핵,악성신생물(암),- 위,- 간 및 간내 쓸개관,- 기관·기관지 및 폐,- 유방,당뇨병,순환기계통의 질환,- 고혈압성질환,- 허혈성심질환,- 뇌혈관질환,호흡기계통의 질환,소화기계통의 질환,- 간질환,사망의 외부요인,- 운수사고,- 고의적 자해(자살),총사망자,특정감염성 및 기생충성질환,- 호흡기결핵,악성신생물(암),- 위,- 간 및 간내 쓸개관,- 기관·기관지 및 폐,- 유방,당뇨병,순환기계통의 질환,- 고혈압성질환,- 허혈성심질환,- 뇌혈관질환,호흡기계통의 질환,소화기계통의 질환,- 간질환,사망의 외부요인,- 운수사고,- 고의적 자해(자살),총사망자,특정감염성 및 기생충성질환,- 호흡기결핵,악성신생물(암),- 위,- 간 및 간내 쓸개관,- 기관·기관지 및 폐,- 유방,당뇨병,순환기계통의 질환,- 고혈압성질환,- 허혈성심질환,- 뇌혈관질환,호흡기계통의 질환,소화기계통의 질환,- 간질환,사망의 외부요인,- 운수사고,- 고의적 자해(자살),총사망자,특정감염성 및 기생충성질환,- 호흡기결핵,악성신생물(암),- 위,- 간 및 간내 쓸개관,- 기관·기관지 및 폐,- 유방,당뇨병,순환기계통의 질환,- 고혈압성질환,- 허혈성심질환,- 뇌혈관질환,호흡기계통의 질환,소화기계통의 질환,- 간질환,사망의 외부요인,- 운수사고,- 고의적 자해(자살),총사망자,특정감염성 및 기생충성질환,- 호흡기결핵,악성신생물(암),- 위,- 간 및 간내 쓸개관,- 기관·기관지 및 폐,- 유방,당뇨병,순환기계통의 질환,- 고혈압성질환,- 허혈성심질환,- 뇌혈관질환,호흡기계통의 질환,소화기계통의 질환,- 간질환,사망의 외부요인,- 운수사고,- 고의적 자해(자살),총사망자,특정감염성 및 기생충성질환,- 호흡기결핵,악성신생물(암),- 위,- 간 및 간내 쓸개관,- 기관·기관지 및 폐,- 유방,당뇨병,순환기계통의 질환,- 고혈압성질환,- 허혈성심질환,- 뇌혈관질환,호흡기계통의 질환,소화기계통의 질환,- 간질환,사망의 외부요인,- 운수사고,- 고의적 자해(자살),총사망자,특정감염성 및 기생충성질환,- 호흡기결핵,악성신생물(암),- 위,- 간 및 간내 쓸개관,- 기관·기관지 및 폐,- 유방,당뇨병,순환기계통의 질환,- 고혈압성질환,- 허혈성심질환,- 뇌혈관질환,호흡기계통의 질환,소화기계통의 질환,- 간질환,사망의 외부요인,- 운수사고,- 고의적 자해(자살),총사망자,특정감염성 및 기생충성질환,- 호흡기결핵,악성신생물(암),- 위,- 간 및 간내 쓸개관,- 기관·기관지 및 폐,- 유방,당뇨병,순환기계통의 질환,- 고혈압성질환,- 허혈성심질환,- 뇌혈관질환,호흡기계통의 질환,소화기계통의 질환,- 간질환,사망의 외부요인,- 운수사고,- 고의적 자해(자살),총사망자,특정감염성 및 기생충성질환,- 호흡기결핵,악성신생물(암),- 위,- 간 및 간내 쓸개관,- 기관·기관지 및 폐,- 유방,당뇨병,순환기계통의 질환,- 고혈압성질환,- 허혈성심질환,- 뇌혈관질환,호흡기계통의 질환,소화기계통의 질환,- 간질환,사망의 외부요인,- 운수사고,- 고의적 자해(자살),총사망자,특정감염성 및 기생충성질환,- 호흡기결핵,악성신생물(암),- 위,- 간 및 간내 쓸개관,- 기관·기관지 및 폐,- 유방,당뇨병,순환기계통의 질환,- 고혈압성질환,- 허혈성심질환,- 뇌혈관질환,호흡기계통의 질환,소화기계통의 질환,- 간질환,사망의 외부요인,- 운수사고,- 고의적 자해(자살),총사망자,특정감염성 및 기생충성질환,- 호흡기결핵,악성신생물(암),- 위,- 간 및 간내 쓸개관,- 기관·기관지 및 폐,- 유방,당뇨병,순환기계통의 질환,- 고혈압성질환,- 허혈성심질환,- 뇌혈관질환,호흡기계통의 질환,소화기계통의 질환,- 간질환,사망의 외부요인,- 운수사고,- 고의적 자해(자살),총사망자,특정감염성 및 기생충성질환,- 호흡기결핵,악성신생물(암),- 위,- 간 및 간내 쓸개관,- 기관·기관지 및 폐,- 유방,당뇨병,순환기계통의 질환,- 고혈압성질환,- 허혈성심질환,- 뇌혈관질환,호흡기계통의 질환,소화기계통의 질환,- 간질환,사망의 외부요인,- 운수사고,- 고의적 자해(자살),총사망자,특정감염성 및 기생충성질환,- 호흡기결핵,악성신생물(암),- 위,- 간 및 간내 쓸개관,- 기관·기관지 및 폐,- 유방,당뇨병,순환기계통의 질환,- 고혈압성질환,- 허혈성심질환,- 뇌혈관질환,호흡기계통의 질환,소화기계통의 질환,- 간질환,사망의 외부요인,- 운수사고,- 고의적 자해(자살),총사망자,특정감염성 및 기생충성질환,- 호흡기결핵,악성신생물(암),- 위,- 간 및 간내 쓸개관,- 기관·기관지 및 폐,- 유방,당뇨병,순환기계통의 질환,- 고혈압성질환,- 허혈성심질환,- 뇌혈관질환,호흡기계통의 질환,소화기계통의 질환,- 간질환,사망의 외부요인,- 운수사고,- 고의적 자해(자살),총사망자,특정감염성 및 기생충성질환,- 호흡기결핵,악성신생물(암),- 위,- 간 및 간내 쓸개관,- 기관·기관지 및 폐,- 유방,당뇨병,순환기계통의 질환,- 고혈압성질환,- 허혈성심질환,- 뇌혈관질환,호흡기계통의 질환,소화기계통의 질환,- 간질환,사망의 외부요인,- 운수사고,- 고의적 자해(자살),총사망자,특정감염성 및 기생충성질환,- 호흡기결핵,악성신생물(암),- 위,- 간 및 간내 쓸개관,- 기관·기관지 및 폐,- 유방,당뇨병,순환기계통의 질환,- 고혈압성질환,- 허혈성심질환,- 뇌혈관질환,호흡기계통의 질환,소화기계통의 질환,- 간질환,사망의 외부요인,- 운수사고,- 고의적 자해(자살),총사망자,특정감염성 및 기생충성질환,- 호흡기결핵,악성신생물(암),- 위,- 간 및 간내 쓸개관,- 기관·기관지 및 폐,- 유방,당뇨병,순환기계통의 질환,- 고혈압성질환,- 허혈성심질환,- 뇌혈관질환,호흡기계통의 질환,소화기계통의 질환,- 간질환,사망의 외부요인,- 운수사고,- 고의적 자해(자살),총사망자,특정감염성 및 기생충성질환,- 호흡기결핵,악성신생물(암),- 위,- 간 및 간내 쓸개관,- 기관·기관지 및 폐,- 유방,당뇨병,순환기계통의 질환,- 고혈압성질환,- 허혈성심질환,- 뇌혈관질환,호흡기계통의 질환,소화기계통의 질환,- 간질환,사망의 외부요인,- 운수사고,- 고의적 자해(자살),총사망자,특정감염성 및 기생충성질환,- 호흡기결핵,악성신생물(암),- 위,- 간 및 간내 쓸개관,- 기관·기관지 및 폐,- 유방,당뇨병,순환기계통의 질환,- 고혈압성질환,- 허혈성심질환,- 뇌혈관질환,호흡기계통의 질환,소화기계통의 질환,- 간질환,사망의 외부요인,- 운수사고,- 고의적 자해(자살),총사망자,특정감염성 및 기생충성질환,- 호흡기결핵,악성신생물(암),- 위,- 간 및 간내 쓸개관,- 기관·기관지 및 폐,- 유방,당뇨병,순환기계통의 질환,- 고혈압성질환,- 허혈성심질환,- 뇌혈관질환,호흡기계통의 질환,소화기계통의 질환,- 간질환,사망의 외부요인,- 운수사고,- 고의적 자해(자살),총사망자,특정감염성 및 기생충성질환,- 호흡기결핵,악성신생물(암),- 위,- 간 및 간내 쓸개관,- 기관·기관지 및 폐,- 유방,당뇨병,순환기계통의 질환,- 고혈압성질환,- 허혈성심질환,- 뇌혈관질환,호흡기계통의 질환,소화기계통의 질환,- 간질환,사망의 외부요인,- 운수사고,- 고의적 자해(자살),총사망자,특정감염성 및 기생충성질환,- 호흡기결핵,악성신생물(암),- 위,- 간 및 간내 쓸개관,- 기관·기관지 및 폐,- 유방,당뇨병,순환기계통의 질환,- 고혈압성질환,- 허혈성심질환,- 뇌혈관질환,호흡기계통의 질환,소화기계통의 질환,- 간질환,사망의 외부요인,- 운수사고,- 고의적 자해(자살),총사망자,특정감염성 및 기생충성질환,- 호흡기결핵,악성신생물(암),- 위,- 간 및 간내 쓸개관,- 기관·기관지 및 폐,- 유방,당뇨병,순환기계통의 질환,- 고혈압성질환,- 허혈성심질환,- 뇌혈관질환,호흡기계통의 질환,소화기계통의 질환,- 간질환,사망의 외부요인,- 운수사고,- 고의적 자해(자살),총사망자,특정감염성 및 기생충성질환,- 호흡기결핵,악성신생물(암),- 위,- 간 및 간내 쓸개관,- 기관·기관지 및 폐,- 유방,당뇨병,순환기계통의 질환,- 고혈압성질환,- 허혈성심질환,- 뇌혈관질환,호흡기계통의 질환,소화기계통의 질환,- 간질환,사망의 외부요인,- 운수사고,- 고의적 자해(자살),총사망자,특정감염성 및 기생충성질환,- 호흡기결핵,악성신생물(암),- 위,- 간 및 간내 쓸개관,- 기관·기관지 및 폐,- 유방,당뇨병,순환기계통의 질환,- 고혈압성질환,- 허혈성심질환,- 뇌혈관질환,호흡기계통의 질환,소화기계통의 질환,- 간질환,사망의 외부요인,- 운수사고,- 고의적 자해(자살),총사망자,특정감염성 및 기생충성질환,- 호흡기결핵,악성신생물(암),- 위,- 간 및 간내 쓸개관,- 기관·기관지 및 폐,- 유방,당뇨병,순환기계통의 질환,- 고혈압성질환,- 허혈성심질환,- 뇌혈관질환,호흡기계통의 질환,소화기계통의 질환,- 간질환,사망의 외부요인,- 운수사고,- 고의적 자해(자살),총사망자,특정감염성 및 기생충성질환,- 호흡기결핵,악성신생물(암),- 위,- 간 및 간내 쓸개관,- 기관·기관지 및 폐,- 유방,당뇨병,순환기계통의 질환,- 고혈압성질환,- 허혈성심질환,- 뇌혈관질환,호흡기계통의 질환,소화기계통의 질환,- 간질환,사망의 외부요인,- 운수사고,- 고의적 자해(자살),총사망자,특정감염성 및 기생충성질환,- 호흡기결핵,악성신생물(암),- 위,- 간 및 간내 쓸개관,- 기관·기관지 및 폐,- 유방,당뇨병,순환기계통의 질환,- 고혈압성질환,- 허혈성심질환,- 뇌혈관질환,호흡기계통의 질환,소화기계통의 질환,- 간질환,사망의 외부요인,- 운수사고,- 고의적 자해(자살),총사망자,특정감염성 및 기생충성질환,- 호흡기결핵,악성신생물(암),- 위,- 간 및 간내 쓸개관,- 기관·기관지 및 폐,- 유방,당뇨병,순환기계통의 질환,- 고혈압성질환,- 허혈성심질환,- 뇌혈관질환,호흡기계통의 질환,소화기계통의 질환,- 간질환,사망의 외부요인,- 운수사고,- 고의적 자해(자살),총사망자,특정감염성 및 기생충성질환,- 호흡기결핵,악성신생물(암),- 위,- 간 및 간내 쓸개관,- 기관·기관지 및 폐,- 유방,당뇨병,순환기계통의 질환,- 고혈압성질환,- 허혈성심질환,- 뇌혈관질환,호흡기계통의 질환,소화기계통의 질환,- 간질환,사망의 외부요인,- 운수사고,- 고의적 자해(자살),총사망자,특정감염성 및 기생충성질환,- 호흡기결핵,악성신생물(암),- 위,- 간 및 간내 쓸개관,- 기관·기관지 및 폐,- 유방,당뇨병,순환기계통의 질환,- 고혈압성질환,- 허혈성심질환,- 뇌혈관질환,호흡기계통의 질환,소화기계통의 질환,- 간질환,사망의 외부요인,- 운수사고,- 고의적 자해(자살),총사망자,특정감염성 및 기생충성질환,- 호흡기결핵,악성신생물(암),- 위,- 간 및 간내 쓸개관,- 기관·기관지 및 폐,- 유방,당뇨병,순환기계통의 질환,- 고혈압성질환,- 허혈성심질환,- 뇌혈관질환,호흡기계통의 질환,소화기계통의 질환,- 간질환,사망의 외부요인,- 운수사고,- 고의적 자해(자살),총사망자,특정감염성 및 기생충성질환,- 호흡기결핵,악성신생물(암),- 위,- 간 및 간내 쓸개관,- 기관·기관지 및 폐,- 유방,당뇨병,순환기계통의 질환,- 고혈압성질환,- 허혈성심질환,- 뇌혈관질환,호흡기계통의 질환,소화기계통의 질환,- 간질환,사망의 외부요인,- 운수사고,- 고의적 자해(자살),총사망자,특정감염성 및 기생충성질환,- 호흡기결핵,악성신생물(암),- 위,- 간 및 간내 쓸개관,- 기관·기관지 및 폐,- 유방,당뇨병,순환기계통의 질환,- 고혈압성질환,- 허혈성심질환,- 뇌혈관질환,호흡기계통의 질환,소화기계통의 질환,- 간질환,사망의 외부요인,- 운수사고,- 고의적 자해(자살),총사망자,특정감염성 및 기생충성질환,- 호흡기결핵,악성신생물(암),- 위,- 간 및 간내 쓸개관,- 기관·기관지 및 폐,- 유방,당뇨병,순환기계통의 질환,- 고혈압성질환,- 허혈성심질환,- 뇌혈관질환,호흡기계통의 질환,소화기계통의 질환,- 간질환,사망의 외부요인,- 운수사고,- 고의적 자해(자살),총사망자,특정감염성 및 기생충성질환,- 호흡기결핵,악성신생물(암),- 위,- 간 및 간내 쓸개관,- 기관·기관지 및 폐,- 유방,당뇨병,순환기계통의 질환,- 고혈압성질환,- 허혈성심질환,- 뇌혈관질환,호흡기계통의 질환,소화기계통의 질환,- 간질환,사망의 외부요인,- 운수사고,- 고의적 자해(자살),총사망자,특정감염성 및 기생충성질환,- 호흡기결핵,악성신생물(암),- 위,- 간 및 간내 쓸개관,- 기관·기관지 및 폐,- 유방,당뇨병,순환기계통의 질환,- 고혈압성질환,- 허혈성심질환,- 뇌혈관질환,호흡기계통의 질환,소화기계통의 질환,- 간질환,사망의 외부요인,- 운수사고,- 고의적 자해(자살),총사망자,특정감염성 및 기생충성질환,- 호흡기결핵,악성신생물(암),- 위,- 간 및 간내 쓸개관,- 기관·기관지 및 폐,- 유방,당뇨병,순환기계통의 질환,- 고혈압성질환,- 허혈성심질환,- 뇌혈관질환,호흡기계통의 질환,소화기계통의 질환,- 간질환,사망의 외부요인,- 운수사고,- 고의적 자해(자살)
"시점",합계,합계,합계,합계,합계,합계,합계,합계,합계,합계,합계,합계,합계,합계,합계,합계,합계,합계,합계,합계,합계,합계,합계,합계,합계,합계,합계,합계,합계,합계,합계,합계,합계,합계,합계,합계,합계,합계,합계,합계,합계,합계,합계,합계,합계,합계,합계,합계,합계,합계,합계,합계,합계,합계,합계,합계,합계,합계,합계,합계,합계,합계,합계,합계,합계,합계,합계,합계,합계,합계,합계,합계,합계,합계,합계,합계,합계,합계,합계,합계,합계,합계,합계,합계,합계,합계,합계,합계,합계,합계,합계,합계,합계,합계,합계,합계,합계,합계,합계,합계,합계,합계,합계,합계,합계,합계,합계,합계,합계,합계,합계,합계,합계,합계,합계,합계,합계,합계,합계,합계,합계,합계,합계,합계,합계,합계,합계,합계,합계,합계,합계,합계,합계,합계,합계,합계,합계,합계,합계,합계,합계,합계,합계,합계,합계,합계,합계,합계,합계,합계,합계,합계,합계,합계,합계,합계,합계,합계,합계,합계,합계,합계,합계,합계,합계,합계,합계,합계,합계,합계,합계,합계,합계,합계,합계,합계,합계,합계,합계,합계,합계,합계,합계,합계,합계,합계,합계,합계,합계,합계,합계,합계,합계,합계,합계,합계,합계,합계,합계,합계,합계,합계,합계,합계,합계,합계,합계,합계,합계,합계,합계,합계,합계,합계,합계,합계,합계,합계,합계,합계,합계,합계,합계,합계,합계,합계,합계,합계,합계,합계,합계,합계,합계,합계,합계,합계,합계,합계,합계,합계,합계,합계,합계,합계,합계,합계,합계,합계,합계,합계,합계,합계,합계,합계,합계,합계,합계,합계,합계,합계,합계,합계,합계,합계,합계,합계,합계,합계,합계,합계,합계,합계,합계,합계,합계,합계,합계,합계,합계,합계,합계,합계,합계,합계,합계,합계,합계,합계,합계,합계,합계,합계,합계,합계,합계,합계,합계,합계,합계,합계,합계,합계,합계,합계,합계,합계,합계,합계,합계,합계,합계,합계,합계,합계,합계,합계,합계,합계,합계,합계,합계,합계,합계,합계,합계,합계,합계,합계,합계,합계,합계,합계,합계,합계,합계,합계,합계,합계,합계,합계,합계,합계,합계,합계,합계,합계,합계,합계,합계,합계,합계,합계,합계,합계,합계,합계,합계,합계,합계,합계,합계,합계,합계,합계,합계,합계,합계,합계,합계,합계,합계,합계,합계,합계,합계,합계,합계,합계,합계,합계,합계,합계,합계,합계,합계,합계,합계,합계,합계,합계,합계,합계,합계,합계,합계,합계,합계,합계,합계,합계,합계,합계,합계,합계,합계,합계,합계,합계,합계,합계,합계,합계,합계,합계,합계,합계,합계,합계,합계,합계,합계,합계,합계,합계,합계,합계,합계,합계,합계,합계,합계,합계,합계,합계,합계,합계,합계,합계,합계,합계,합계,합계,합계,합계,합계,합계,합계,합계,합계,합계,합계,합계,합계,합계,합계,합계,합계,합계,합계,합계,합계,합계,합계,합계,합계,합계,합계,합계,합계,합계,합계,합계,합계,합계,합계,합계,합계,합계,합계,합계,합계,합계,합계,합계,합계,합계,합계,합계,합계,합계,합계,합계,합계,합계,합계,합계,합계,합계,합계,합계,합계,합계,합계,합계,합계,합계,합계,합계,합계,합계,합계,합계,합계,합계,합계,합계,합계,합계,합계,합계,합계,합계,합계,합계,합계,합계,합계,합계,합계,합계,합계,합계,합계,합계,합계,합계,합계,합계,합계,합계,합계,합계,합계,합계,합계,합계,합계,합계,합계,합계,합계,합계,합계,합계,합계,합계,합계,합계,합계,합계,합계,합계,합계,합계,합계,합계,합계,합계,합계,합계,합계,합계,합계,합계,합계,합계,합계,합계,합계,합계,합계,합계,합계,합계,합계,합계,합계,합계,합계,합계,합계,합계,합계,합계,합계,합계,합계,합계,합계,합계,합계,합계,합계,합계,합계,합계,합계,합계,합계,합계,합계,합계,합계,합계,합계,합계,합계,합계,합계,합계,합계,합계,합계,합계,합계,합계,합계,합계,합계,합계,합계,합계,합계,합계,합계,합계,합계,합계,합계,합계,합계,합계,합계,합계,합계,합계,합계,합계,합계,합계,합계,합계,합계,합계,합계,합계,합계,합계,합계,합계,합계,합계,합계,합계,합계,합계,합계,합계,합계,합계,합계,합계,합계,합계,합계,합계,합계,합계,합계,합계,합계,합계,합계,합계,합계,합계,합계,합계,합계,합계,합계,합계,합계,합계,합계,합계,합계,합계,합계,합계,합계,합계,합계,합계,합계,합계,합계,합계,합계,합계,합계,합계,합계,합계,합계,합계,합계,합계,합계,합계,합계,합계,합계,합계,합계,합계,합계,합계,합계,합계,합계,합계,합계,합계,합계,합계,합계,합계,합계,합계,합계,합계,합계,합계,합계,합계,합계,합계,합계,합계,합계,합계,합계,합계,합계,합계,합계,합계,합계,합계,합계,합계,합계,합계,합계,합계,합계,합계,합계,합계,합계,합계,합계,합계,합계,합계,합계,합계,합계,합계,합계,합계,합계,합계,합계,합계,합계,합계,합계,합계,합계,합계,합계,합계,합계,합계,합계,합계,합계,합계,합계,합계,합계,합계,합계,합계,합계,합계,합계,합계,합계,합계,합계,합계,합계,합계,합계,합계,합계,합계,합계,합계,합계,합계,합계,합계,합계,합계,합계,합계,합계,합계,합계,합계,합계,합계
"1998",,,,,,,,,,,,,,,,,,,,634.5,15.2,8.8,125.8,27.8,22.3,24.4,,25.6,155.3,10.9,19.8,93.8,35,38.2,26.4,69.8,26,17.9,515.2,10.3,1.1,131.8,7.3,2.7,18.3,,32.1,175.4,9.4,89.5,35.1,28.7,15.1,5.1,31.8,9.5,5.4,402.5,8.3,2,125.1,22.1,14.8,21.7,,5.3,119.1,2.5,28.9,54.1,47.4,16.2,7.8,42.4,8.7,19.3,,,,,,,,,,,,,,,,,,,,,,,,,,,,,,,,,,,,,,,489,6.2,0.3,143.1,4.5,1.3,39.2,,12.6,165.2,2.9,90.9,31.5,44.2,17.9,5.6,37.6,10.1,11.3,644.8,26.7,6.5,84.1,7.7,6.6,10.5,,70.4,162.9,15,70.9,41,60.8,65.5,42.8,64.7,17.2,3.7,569.4,14.2,0.3,141,3.3,1.6,41.4,,16.1,209.3,10.2,102.2,33.6,52.5,20.1,7.5,50,16.3,10.4,,,,,,,,,,,,,,,,,,,,593.6,16.6,4.4,132.7,22.1,5.7,13.9,,17.1,164.7,15,59.8,56.7,74.7,44,27.8,56.5,13.6,7.1,615,22.2,4.8,99.8,16.6,5.5,11,,24.4,200.4,20.5,86.7,53.8,61.9,27.3,7.6,108.3,23.7,5.5,522.5,14.2,3.5,109.3,23.4,6,7.8,,18.5,162,14.8,78.3,37.9,64.1,35.2,15.9,50.5,17.9,6.4,,,,,,,,,,,,,,,,,,,,537.4,3,0.7,138.5,9.4,2.8,26.2,,9,260.6,7.6,111.3,57.9,22.1,27.2,16.7,41.7,10.7,15.9,546.4,7.6,0.6,153.1,5.8,3.4,36.8,,8.1,177,4.2,65.6,39.7,56,23.9,9.7,49.6,15.4,16.6,706.4,1.9,0.8,182.9,10.2,6,36.2,,9.3,368.8,4.6,148.6,100.2,26.2,28.5,15.1,54.8,12.7,13.2,596.5,4,0.5,169.4,4.4,3,38.1,,12.4,194.4,4.4,93,44.9,50.9,30.5,12.2,43.9,9.5,11.7,933.1,11.7,8.9,161.4,19.6,3,32.7,,6,464,11.4,278.4,133.7,30.3,32.4,15.2,147.4,23.7,30.2,558.3,4.3,1.1,120.4,6.8,3.8,23,,6.5,227.7,4.5,135.7,52,41.8,23.7,9.4,64.1,9.4,21.1,490.3,7.7,1.1,147.4,5.2,5.1,28,,7.6,131.9,6,38.9,31.5,33.2,25.4,12,53.3,13.8,14.8,542.4,5.5,0.5,144.6,9,3.6,27.1,,12.1,234.3,8.3,104.6,50.1,28.7,28.2,15,32.3,9.7,11.2,538.6,4.6,0.5,122,7.1,0.9,29.8,,3.4,257.7,4.7,65.1,90.2,33.6,12.4,3.4,36,19.1,3,890.7,5.1,3.3,213.3,14.5,5.8,51.4,,12.7,424.1,28.5,185.7,111.7,32.5,74.3,54.6,77.6,14.9,25.8,464.9,3.5,0.7,136.7,6.6,3,30.6,,6.5,174.8,5.1,93.4,43.3,34.7,12.9,1.6,38.4,11.1,10.4,629.2,4.7,1.1,156.9,7.2,0.4,32.2,,8.1,252.4,4.8,140.7,47.6,87.9,19.6,3.8,39.5,11.9,13.2,493,5.5,0.6,142.5,10.5,4.1,30,,14.4,192.8,14.5,62.7,52.6,28.2,23.4,11.9,33.1,12.9,5.9,955,17.1,11.5,152.1,17,3.3,28.7,,7.4,479,1.6,266.2,166.2,25.2,29.7,12.1,145.2,29.9,30.4,827.5,12.8,10.3,153.3,16.8,3.2,28.9,,4.9,409.1,8.1,253.5,95.6,33.1,28.6,15.2,139,27.1,40,530.2,6.1,0.7,148.8,6.3,4.2,32.5,,4.9,197.5,7.5,63,55.5,41.2,26.8,13.4,41.8,10.6,12.8,532.3,6.4,0.4,154.6,6.7,1.8,36.9,,11.9,182.8,3,73,42.6,48.9,18.9,4.3,24.5,6.6,8.3,513,5.9,0.6,134.9,6.4,1.2,24,,7.8,199.6,3.7,96.6,48.9,39,15.8,4.7,37.4,9.6,11.6,,,,,,,,,,,,,,,,,,,,616.6,17.5,2.9,125.5,15,1.9,17.6,,18,221.1,4.4,51.5,111.2,49.8,28.1,14.6,43,17.9,4.1,796.6,2.1,0.7,183.7,13.2,6.2,33.7,,10.8,426.3,24.5,206,75.1,35.5,39,25,57.5,18.7,11.3,659.9,4.4,0.9,162.3,13.9,4.2,31.6,,14.4,258.5,13.4,91.6,71.6,49.5,39.1,23.9,68.3,15.8,26.2,499.6,11,0.9,135,8.8,3.5,26.9,,11.8,168.5,6.1,53.4,46.2,47,26.7,10.4,34.7,14.8,6.5,471.2,4.8,0.5,121.7,5.1,3.5,18.3,,8,200.9,2.7,100.6,45.2,27.9,14.9,4.6,34,5.9,11.4,459,6.3,0.4,123.6,5.1,3.9,23.7,,11.4,162.9,8,74.4,30.1,29.1,16.8,7.1,36.9,7.9,15.6,557.6,4.4,0.5,150.8,6.8,0.8,34.4,,5.8,213.7,3,118.8,50.9,77.3,22.8,7,26.1,5.9,6.8,,,,,,,,,,,,,,,,,,,,,,,,,,,,,,,,,,,,,,,466.2,5.5,0.2,134.5,4.5,2.5,26.3,,10.2,173.8,4,96.5,39.8,33,14.6,5.4,39.2,10.4,13.3,508,3.4,0.8,152.2,6,1.8,28.1,,14.2,193.5,5,112.1,42.6,37.8,11.3,2.5,42.3,15.7,15
"1999",,,,,,,,,,,,,,,,,,,,633.3,13.5,8.1,129.7,27.3,22.5,25.6,,26,150,9.6,22.1,90.4,35.5,34.9,24.7,64.5,26.5,14.6,502.7,14.7,0.9,124.6,6.7,3.1,18.4,,30.2,149.5,9.1,74.6,29.2,34.1,17,5.4,33,8.5,6.1,406.5,8.6,2.1,124.1,21.4,14.6,21.5,,5.2,118.5,2.3,28.8,52.6,52.5,16.5,7.8,42,8.3,19,,,,,,,,,,,,,,,,,,,,,,,,,,,,,,,,,,,,,,,479.1,6,0.3,141.8,4.5,1.4,39.4,,13,159.7,3,87.6,30,43.3,17.1,5.2,39,10.4,12.1,632,24.2,5.8,83.4,7.9,6.2,10.4,,74.7,157,15,70.8,41.2,60.1,63.8,41.4,62.1,16.8,3.6,570.9,15.9,0.3,140.7,3.2,3.3,40.1,,16.6,206.1,9.5,115.7,34.4,50.1,20.8,9.8,49.5,16.3,9.8,,,,,,,,,,,,,,,,,,,,588,15.6,4.2,131.4,22.4,4.9,13.8,,17.6,164,15.9,57.7,56.8,81.2,40.7,24.8,52.2,11.3,7.1,648.9,20.9,4.9,104.3,16.9,5.8,12,,28.4,212.1,23.7,92.8,56.2,67.8,28.2,8,113.3,21.4,5.7,515.2,13.6,3.5,109,21.3,5.6,9.3,,19.6,168.8,16.2,82.6,36.7,57.1,35.9,15.9,51.8,18.9,6.5,,,,,,,,,,,,,,,,,,,,528.5,2.9,0.6,137,8.8,2.8,25.4,,9.3,253.5,8,107.5,55.2,24.6,25.3,15.4,43.7,12.2,15.7,539.3,8.3,0.6,147.8,5.1,3.3,34.9,,11.7,172.4,6.4,61,38.7,53.4,22.8,9.6,48.8,14.8,15.3,696.6,1.9,0.8,181.7,9.8,6,37.1,,7.1,361.5,5.8,148.7,100.3,29.1,28.5,14.4,54.2,13.9,13,604.8,5.2,0.4,172.4,4.4,3,39.1,,14.5,197.9,6,90.7,45.8,53.5,31.7,12.6,45.4,10.1,11.9,877.4,10.9,8.4,152.5,18.4,3.5,29.8,,6.2,436.6,13.4,255.8,127,26.1,28.6,13,139.1,19.4,29.5,550.4,4.6,1.1,118,6.4,4.2,21.1,,6.2,221.6,4.3,133.7,50.6,41.7,22.7,8.8,63.8,9.3,21,484.8,7.5,1,145.8,5,5.1,27.8,,8.2,128.3,6.1,37.5,30.7,32.9,24.5,11.5,52.5,13.5,14.4,530.2,6.3,0.4,141.5,8.5,3.6,26.5,,12.2,226.7,9,100.3,46.8,29.6,27.5,14.7,31.8,9.8,10.6,535.1,3.6,0.5,125.4,7,1,29.7,,4.2,250.7,4.9,66.6,86.8,35.4,12.6,3.6,35.6,18.5,2.9,921.7,5.3,3.4,219.4,14.2,6,52.4,,14.2,439.8,31,190.6,114.9,38.8,74.5,55.1,78.7,14.2,26.8,478.5,4.5,0.6,143.1,6.3,3.9,32.3,,6.4,187.8,3.6,107.1,42.3,41.4,9.3,2.6,27.4,8.7,10.9,639.7,4.9,0.8,156,7.1,0.3,29.8,,8.8,251.3,5.3,134.6,51.5,97.1,20.4,3.9,38.4,11.1,11,476.6,5,0.5,138.9,9.8,5.1,29.6,,14.3,183.1,14.6,59.2,49.3,28.9,22.2,11.2,31.6,12.4,5.4,903.5,14.2,10.7,153.1,16.6,2.9,30,,7,451.1,1.5,242.2,161.8,23.9,26.7,10.9,142.1,28.3,26.9,807,11.6,8.6,155.7,16.7,3.2,29.1,,5,399.9,7,239.7,93.6,29.7,26.7,13.5,136.8,24.6,40.5,497.1,7,0.5,132.6,6.3,3.2,30.4,,5.3,184.9,9.4,56.8,54.5,44.4,26.6,14.8,40.6,9.9,13.9,535.1,6.7,0.5,155.8,6.7,2.1,36.8,,12.2,178.4,2.7,68.5,42.9,49,18.7,4.1,25.5,7,8.3,514.4,6.1,0.5,134.9,7.1,1.7,24.5,,7.8,194.9,4.6,93.5,45.6,42.5,15.6,4.1,38.8,8.7,12.4,767.6,5.2,2.4,163.4,11.8,4.3,38.5,,10.3,349.9,9.6,111.3,81.1,35,29.8,13,63,18.1,13.6,608.9,18.9,2.5,123.1,15.3,2.2,16.5,,17.5,212.1,4.4,49.1,106.9,57.3,26.1,13.3,40.1,15.3,3.9,771.4,2.4,0.8,177.3,12,4.8,32.6,,14.5,402.3,39,204.7,65.1,37.7,41,25.2,52.3,15.4,11.5,639.9,3.4,1,161.1,13.5,4.3,32.7,,12.7,245.6,12.8,84.8,68.5,49.9,41.9,25.1,67,15.9,24.6,498.6,11,1,133.9,8.7,6.1,26.9,,11.6,159.4,5.6,52.4,45.5,53.7,26,11.6,33.3,14.5,6.2,470.4,5.3,0.5,120.7,5.2,3.4,18.7,,8.9,196.1,2.9,97.4,44,30,14.7,4.5,32.8,5.8,11.6,449.4,5.9,0.3,120.7,4.7,3.8,22.7,,10.9,159.4,8.9,70.5,29.4,29.8,17.1,7.2,35.8,7.6,14.6,554.3,4.6,0.5,147.3,6.4,0.9,33.3,,5.9,205.2,3.2,112.5,49.3,83.6,23.5,7.4,26.2,5.9,6.8,,,,,,,,,,,,,,,,,,,,,,,,,,,,,,,,,,,,,,,453.9,5.8,0.2,130.5,4.4,2.6,25.5,,10.2,165.1,3.7,90.7,38.1,31.9,14.8,5.2,39.4,10.3,12.4,522.5,3.4,0.4,150.2,6.5,1.6,28.5,,14,200.1,4,114.6,46.6,46.7,12,3,41.2,15.3,13.3
"2000",,,,,,,,,,,,,,,,,,,,611.8,15,8.4,134.6,26.9,22.5,27.5,,26.1,147.5,11.3,25.1,87.9,42.9,33.8,23.4,61.1,25.4,13.1,491.8,15,1,124.9,6.4,3.2,19.1,,30.9,146.5,7.5,71.1,32.4,35.7,16.3,5.7,31.8,8.2,6.3,383.8,8.1,1.9,122,20.6,14.1,21.3,,4.9,109.4,2,26.3,48,46.4,15.6,7.4,40.5,8.1,18.2,,,,,,,,,,,,,,,,,,,,,,,,,,,,,,,,,,,,,,,462.9,7,0.3,140.6,4.4,2.9,37.2,,13.8,149.1,3.1,84.5,29.2,34,17.2,6.5,36.2,9.7,10.7,610.2,22.7,4.9,83.1,7.8,6.6,10,,74,151.6,15.2,69.1,39.5,54.8,62.8,40.7,58.4,16.4,3.7,560.4,15.2,0.2,137.9,3.1,3.3,40,,16.5,198.9,9.7,110,33.9,49.2,20.5,9.6,48.1,15.9,9.5,,,,,,,,,,,,,,,,,,,,549.4,14,3.7,130.1,21.6,4.6,13.7,,17.8,153.4,15.8,54.1,52.1,56.9,40.5,25.3,52,14.7,9.8,645,21,4.3,104.9,17.5,5.4,11.7,,27.2,212.5,22.7,92.6,57.1,58.6,28.5,8.3,115.5,20.3,6,494.4,12.4,2.6,103.7,20,5.3,9,,18.4,167.1,18.1,82.3,38.6,51.8,34.7,15.2,50.8,18.9,6.5,,,,,,,,,,,,,,,,,,,,511.8,2.6,0.6,135.2,8.4,2.7,25.3,,8.6,235.9,7.9,99.6,50.8,24.8,26,15.6,43.9,11.2,15.9,532.9,10.5,0.6,143.2,4.8,3.5,35.1,,7.4,173.6,4,62.5,39.1,53.4,23.5,8.9,51.7,16.4,17.6,680.9,1.8,0.8,182,9.7,5.9,37.2,,8.5,342.3,7.3,139.3,100.3,30.4,28.2,14.2,54.9,13.9,13.3,573.6,4.1,0.4,169.9,4,3,39.2,,14.5,183.1,4.8,81.9,44,49.1,29.6,11.9,42.9,9.1,11,843.4,9,6.3,153,16.1,4.2,30.4,,5.7,418.5,14.1,245,120.2,28.6,31.4,15.6,124.4,16.7,23.2,539.5,4.5,1.3,116.1,6.3,3.8,21.1,,6.4,216.7,4.1,130.6,49.7,41.9,23.6,9.4,62.1,8.4,20.2,471.6,9.8,0.9,143.3,4.8,6.6,27.2,,8.9,123.2,5.6,36.8,28.8,26.4,22.4,11.4,49.2,12.6,15,515.9,6.8,0.4,139.3,8.3,3.6,27,,12,215.1,9.8,93.8,43.1,29.1,27.5,14.7,31.6,9.4,10.4,535,3.1,0.5,125.1,6.8,1,30.1,,4.1,248.3,4.9,66.2,86.9,38.5,13.4,3.9,34.6,18.3,2.9,867.4,4.8,2.7,214.9,13.3,5.9,51.7,,13.8,408.5,27.5,178,111.5,32.3,71.9,51.9,72.4,13.4,26.2,457.9,5.3,0.2,133.4,8.5,2.3,29.6,,4,166.6,3.8,91.4,39.7,37.4,11.9,1.3,44.8,13.2,17.9,608.2,4.7,0.9,156.6,7.1,0.5,32,,7.9,234,4.9,123.4,49.2,86,20.3,3.4,37.6,10.9,11.8,461,4.9,0.4,138.2,9.6,5,28.9,,13.5,174.5,14.6,55.9,47.3,27.3,21.4,10.9,30.4,11.9,5.4,889.6,13.2,10,149.1,15.6,3.4,27.4,,6.3,447.9,2,240.7,156.6,24.5,28.5,11.2,138,27.9,27.7,785.5,11.7,8.5,154.2,16.7,2.6,27,,5,382.2,5.6,227.6,88.3,30.3,27.1,14.3,132.7,20.9,42.4,489.1,5,0.5,138.9,4.5,3.8,29.9,,6.6,173.1,6.6,59,50.8,36.4,29,14.9,46.8,12.8,11.7,526.9,6.5,0.3,151.8,6.7,2,35.4,,12,174.1,2.8,64.4,41.5,49.5,19.4,4.4,25.2,6.9,8,498.7,5.9,0.5,134,5.6,1.4,25,,7.2,181,3.7,85.8,42.6,42.4,16,4.3,38.1,9.4,11.4,730,5.4,2.3,167.1,11.7,4,39.6,,9.9,332.6,9,106.5,78.3,35,29.5,12.3,59.3,17.1,13.8,578.5,17.9,2.1,123.8,14.9,2,17.2,,15.7,199.4,4.7,46.4,100.3,49.9,24.7,12.4,37.2,12.6,3.7,762.6,2.8,0.8,174.1,11.9,5.1,33.3,,10.6,397.7,47.1,215.4,63.7,41.7,40.1,23.8,51.9,14.7,12,612.8,3.4,0.7,156.4,13.2,4.6,31,,15.5,232.5,13.5,77.5,63.3,44.9,41.8,26.2,61,15,23.9,468.5,10.2,0.7,131,8.4,5.8,26.3,,10.7,145.9,5.5,48.9,41,46.4,24.5,10.9,33.2,14.5,6.5,458,4.9,0.3,120.1,4.7,2.9,18.6,,8.4,187.6,2.9,91.4,42.7,28.9,14.5,4.4,32.4,6.4,10.5,444.1,6,0.3,123.4,4.4,4.1,24,,10.1,153.1,9.4,67.5,27.4,28.6,17,6.3,37.6,7.9,15.4,528.2,4.5,0.5,144.5,5.9,1.1,32.6,,5.5,191.3,3,104.2,45.5,76.6,23.7,7.7,25.8,5.7,6.6,,,,,,,,,,,,,,,,,,,,,,,,,,,,,,,,,,,,,,,440.5,5.8,0.2,129.2,4.2,2.8,25.3,,10.1,154.1,3.6,84,36.7,34.7,13.9,4.7,37.9,10.4,11.7,484.4,3.5,0.4,145.1,5.8,2.9,27.2,,14.5,182,3.6,101.4,42.6,34.8,12.1,2.7,39.2,14.8,11.8
"2001",,,,,,,,,,,,,,,,,,,,580.6,13.4,7.7,132.8,25.9,22,27.5,,26.8,140.9,12.6,25,86.2,40.3,31.6,22.1,60.7,20.8,13.9,471.7,12.5,0.6,123.9,6.4,3.5,19,,31.6,138.6,5.5,65.1,33.5,28.8,15.1,5.5,33.7,9.1,6.2,372.8,7.9,1.7,120,19.7,13.8,21.1,,4.6,105.8,1.9,25.7,45.8,43.8,15.2,7.2,39.4,7.7,17.6,,,,,,,,,,,,,,,,,,,,,,,,,,,,,,,,,,,,,,,455.1,6.7,0.3,139.4,4,3.2,37.2,,14.2,142,3,79.9,28.2,33,17,6.6,35.7,9.4,10.8,600.7,22.3,4.8,81.9,7.5,6.4,9.9,,76.8,148.8,15.3,68.7,38.5,51.8,61.8,40.2,56.2,15.7,4,551.5,15.3,0.2,135.5,3,3.4,39.3,,16.6,191,9.9,104.6,32.2,48,20.5,9.7,50.1,15.8,9.8,,,,,,,,,,,,,,,,,,,,551.7,13.3,4.2,127,20.3,4.3,14.1,,20.3,152.2,18.2,53,50.4,56.4,43.8,27.7,49.9,13.5,10.6,640.1,21.4,4.5,101.8,16.4,5.6,11.8,,27.4,202.5,21.8,91.2,53.2,62.1,28.7,7.9,116.1,19.3,6.1,495.4,12.8,2.6,109.7,21.2,5.6,8.5,,19.7,164.1,17.5,79.5,37.4,51.3,32.7,13.8,47,17.4,5.3,,,,,,,,,,,,,,,,,,,,491.1,2.5,0.4,131.2,7.7,2.7,24.3,,8.8,222.6,7.5,94.4,46.3,23.4,25,15,40.7,10.9,14.8,516.6,11.2,0.5,142,4.9,3.3,35.1,,7.2,164.3,3.7,58.5,37,49.3,23.1,9.2,51.1,15.7,17.6,668.7,2,0.6,178.3,9,5.8,35.9,,7.2,336.5,7.2,136,97,28.5,29,14.3,52.9,13,13,570.8,4.4,0.4,166.9,4.4,3,38.6,,13.5,184.1,5.5,82.2,44,49.4,29.3,11.6,39.7,8.3,10.7,852.8,8.3,5.3,149.4,15.2,3.4,30.1,,7.4,412.6,14.9,240.2,115.5,28.3,33.3,18.2,139.9,16.5,25,518.9,4.1,1,114.6,6.2,4.1,21.1,,5.7,204,4,121.8,46.9,37,23,9.9,62.1,9.4,20.6,467.3,9.2,0.9,141.9,4.6,6.7,27,,9,120.4,5.7,35.5,28,23.6,22.7,11.4,48.8,12.6,14.5,501,6.9,0.4,134.9,7.7,3.5,26.2,,12.1,209.8,10.6,90.6,41.3,26.9,27,14.2,30.8,8.6,10.4,515.5,3.4,0.5,126,7.2,1,29.8,,3.4,241.7,5.7,66.3,84.8,33.3,12.3,3.9,33.9,16.4,2.5,799.6,4.3,2.5,205.3,12.6,5.3,49.9,,10.3,375.5,19.4,168.1,103.9,25.7,65,46.7,68.4,13.2,23.2,418.7,3.9,0.6,126,5.8,1.1,29.6,,6.4,153.2,2.5,80.8,39.1,31.2,10.8,1.4,41.3,13.2,12,574.6,3.8,0.6,151.9,6.7,0.6,29.4,,7.2,214.8,4.3,113.1,45.3,77.9,20.3,4.6,38.5,10.2,12.2,446.8,4.8,0.4,138.1,9.2,4.6,28.8,,13.2,165.6,14.1,53.5,44.2,23.5,20.8,10.7,30.6,12.3,5.3,917.9,13.6,9.5,154.6,16.3,3.4,29.8,,7.5,464.8,2.3,233.5,165.4,23.2,31.2,13.6,137.3,25.5,25.8,813.4,11,8.2,153.3,15.3,2.5,28.2,,5.2,399,5.4,250.9,89.6,28.7,31.2,17.5,142.4,23.3,39.5,495.5,4.8,0.6,132.5,4.5,3.7,27.2,,7.5,181.1,8.5,55.8,50.1,35.4,27.9,13.2,47.5,12.5,13.6,517.1,6.6,0.3,148.8,6.2,2.1,35.6,,15.2,164.8,3.2,59.6,39.8,44.6,19.1,4.2,25.4,6.1,7.8,490.2,5.6,0.6,133.1,6,1.4,25.3,,7.8,175,4,82,40.1,40.8,14.5,3.6,35.2,6.8,11.3,707.2,5.1,2.2,167.6,11.3,4,40.2,,9.4,322.9,8.2,100.8,77.7,29.5,28.7,11.6,57,15,13.7,561.4,15.9,2.1,124.1,14.2,,16.7,,19.3,192.1,4.5,45.5,94.4,42.7,26,13.2,40.5,16.9,5.5,756.7,2.8,0.8,173.3,11.2,5.4,31,,10.9,400.1,48.3,212.4,65,39.3,39.5,23.6,51.2,14.3,11.4,601.5,4,0.9,156.3,11.6,4.3,31,,16.4,220.2,11.5,74.3,59.2,40.1,43,27.1,61.6,14.8,23.4,456.6,10.2,0.7,131.6,8.3,5.9,26.8,,10.7,140.6,5.5,46.9,40,41.3,24,10.7,31.2,13.4,6,453.6,5.1,0.4,120.6,4.8,3.3,19.3,,8.7,182.3,3.1,88.9,41,26,14.6,4.7,35.5,6.7,10.8,427.7,5.6,0.2,120.3,4.6,4.2,23.3,,10.1,145,9.7,62.5,25.6,23.1,16.6,6.6,36.5,7,14.6,523.1,4.9,0.5,146.4,5.8,2.3,32,,5.9,191.5,3,100.7,49.3,57.4,25.3,9.6,26.9,5.8,6.4,,,,,,,,,,,,,,,,,,,,,,,,,,,,,,,,,,,,,,,424,5.8,0.3,128.4,4.2,2.8,25.1,,9.9,147.3,3.5,79.9,34.7,32.4,13.2,4.6,35.3,10.1,11.8,492.2,3.8,0.2,145.3,5.6,2.4,27.3,,13.9,183.2,3.6,103.8,42.9,39.3,12,2.5,39.1,13.8,12.9
"2002",,,,,,,,,,,,,,,,,,,,569.4,12.9,7.9,136.6,25.6,23.1,27.9,,27.3,144.5,12.8,27.9,87.2,41.3,29.8,21.2,60.1,18.9,17.1,472.8,12.4,0.7,123.7,6.6,3.4,19.4,,29.1,133.2,7.8,60.8,31.6,30.6,15.6,5,35.5,8.4,5.9,364,7.5,1.5,117.2,18.6,13.4,20.8,,4.6,102.8,1.7,25,43.5,42.8,14.7,6.9,38.9,7.3,17.9,,,,,,,,,,,,,,,,,,,,,,,,,,,,,,,,,,,,,,,450.1,6.9,0.3,138.3,3.9,3.1,37.6,,15.3,137,3.4,75.9,27.3,32.2,17,6.6,36.2,9.4,10.5,607.8,21.9,4.4,83.1,7.5,6.6,10,,82.1,150.8,15.5,70.7,38.5,52.5,62.2,40,55.7,16,4,545.7,15.8,0.2,133.7,2.9,3.5,38.9,,16.7,186,10.3,100.7,31.2,47.7,20.3,9.7,50.5,16,10,,,,,,,,,,,,,,,,,,,,528.8,11.9,4,127.8,21,4.8,14,,19.9,145.4,15.7,51.2,49,48.7,42.5,27.4,47.1,13.1,10.3,624,20.8,4.3,102.9,15.9,5.7,12,,27.1,197.4,21.7,87.9,51.8,57.1,29.2,8,116,18.4,5.8,456.7,11.1,2.4,98.1,17.5,6.1,7.3,,16.6,145.1,15.5,74.4,30.5,40.5,33.6,15.6,48,17.4,7,,,,,,,,,,,,,,,,,,,,491.6,3.8,0.5,130,7.4,5,25.4,,12.6,209.4,6.5,95.5,45.2,23.8,25.9,15.2,40.9,10.7,15.2,519.3,11.9,0.4,140.1,4.7,3.3,34.1,,7.6,165.2,4,57.9,37.3,52.7,23,9,47.7,13.6,16.7,670.3,2.1,0.5,178.5,9.1,5.9,35,,7.5,335.6,7.2,132.8,95.5,28.7,29,14.6,52.9,13.2,12.3,573.1,7.2,0.4,160.8,3.7,2.6,37.2,,14.5,178.7,6.1,72.5,46.4,53.3,28.9,11,34.3,8.4,10.2,834.2,7.1,5.1,151.8,15.5,4.3,30.2,,6,411.1,18.3,234.4,113.2,28.2,33.7,18.2,124.1,17.3,23.3,515.8,4,0.9,111.7,6.2,3.7,20.4,,5.8,202.9,4.2,121.5,45.9,36.4,23,10.7,59.7,8.9,18.5,463.6,9.2,0.7,141,4.6,6.7,27.2,,8.8,117.8,5.6,34.2,27,24.4,22.3,11.1,47.3,11.9,14.6,502.4,6.7,0.3,134.4,7.6,3.7,26.2,,12.8,209.1,11.8,89.3,40.4,29.3,27.3,14.2,30.5,8.5,10.3,510.1,4,0.4,123,6.8,0.9,28.8,,3.8,237.5,5.3,65.1,83.4,35.5,12.5,3.6,30.3,15.2,2.3,797.8,4,2.2,202.6,12.3,5.5,50,,13.1,375,22.9,165.1,101.4,27.5,62.1,44.1,69.6,15.2,22.3,428.5,3.4,0.7,128.6,5.5,1.2,26.6,,3.5,161.6,3.4,87.9,34.1,30.7,10.3,0.9,36,10.9,10.2,551.8,3.6,0.8,146.3,6.4,0.5,29.1,,7.4,205.8,4.5,109.7,40.7,73.8,19.2,3.9,36.4,9.2,10.9,435.2,5.2,0.4,134.2,8.9,4.5,28.3,,12.6,160.7,14,53.4,42.9,24.3,19.8,9.9,30.2,11.9,5.3,901.9,11.6,7.4,151.7,15.2,3.4,28.3,,6.6,459.5,4.5,225.2,162.9,24.4,29.4,12.9,137.2,24.6,24.9,809.8,11.1,7.9,151.8,15.1,2.4,27,,5.7,398,5.3,246.6,92.3,31.1,31.8,17.6,135.9,22.6,40.5,492.3,7.5,0.5,128.8,5,4.4,26.8,,7.1,177.5,6.1,55.5,50.8,44.9,24.1,13.6,46.1,11.9,15.5,515.2,6.6,0.3,148.3,6,2.1,35.8,,14,163.4,3.1,56.4,40.3,44.1,19.5,4.2,25,6.3,8.2,487.8,6,0.3,133.3,5.2,1,26.2,,7.4,170.4,4.1,79.2,39.9,43.4,14.7,4.2,35.5,8.2,10,686.6,5.2,1.8,166.4,10.9,3.8,40.5,,9.3,307.3,7.9,94.1,73.9,28.3,28.6,11.3,57.4,15.5,13.7,553.9,15.3,2.1,124,13.7,3.9,17.6,,21.1,190,5,47.3,88.2,43,26.2,15,44.1,19.3,8.8,742.1,3.1,0.9,164.8,10.7,5,29.2,,10.1,387.2,45.6,205.9,65.1,41.4,41.7,24.8,50.1,13.4,11.6,592.9,3.7,0.8,157.2,11.9,4.4,30.5,,17.2,213.5,13.7,66.4,59.3,41.2,40,23.6,58.3,13.1,21.3,453.3,10.1,0.6,128.8,7.6,5.9,26.2,,10.5,138,5.6,46.2,38.2,44.5,23.9,10.3,30.3,12.8,6.2,451.8,5.8,0.4,118.2,4.7,3.4,18.9,,9.1,178,3.4,86.6,41,28.1,15.2,4.7,34.8,5.9,11,416.1,5.1,0.2,115.4,4.2,4.1,22,,9.9,137.2,10.5,59.4,24.6,23.8,16.3,6.8,34.9,6.5,15.5,518.4,4.8,0.5,145.1,5.6,2.4,31.8,,5.9,186.5,3.1,96.3,49,58.8,25.8,9.9,26.1,6,6.4,,,,,,,,,,,,,,,,,,,,,,,,,,,,,,,,,,,,,,,422.6,5.8,0.2,127.1,4.1,2.9,25,,10.2,142.6,3.7,75.5,34,34,14.2,5.3,34.3,9.5,11,483.5,2.9,0.3,140.5,5.4,2.9,26.9,,13.8,177.5,3.3,99.4,42.1,37.5,13.7,2.8,39.4,13.3,11.7
"2003",,,,,,,,,,,,,,,,,,,,544.1,11.6,7.5,132.9,24.6,22,27,,26.1,135,12.3,26.1,81.7,34.4,26,19.2,63.8,18.5,21.1,461.5,12.5,0.6,122.5,6.3,3.2,18.7,,32.8,128.1,7.2,60.7,28.2,29,14.6,5.2,30.9,7.5,6.4,363.1,7.7,1.4,115.3,18.1,12.8,20.2,,4.6,102,1.6,24.7,42.5,44.1,14.5,6.8,39.8,6.6,19.5,,,,,,,,,,,,,,,,,,,,,,,,,,,,,,,,,,,,,,,442.9,7.3,0.2,136.3,4,3.2,36.8,,15,132.6,3.4,73.8,26.1,32.5,16.9,6.5,36.1,9.3,10.6,612.7,21.7,4.3,83,7.3,6.8,9.8,,86,151.5,16,72,37.8,53.3,62.3,40,54.9,16.1,4.2,538.5,15.7,0.2,131.2,2.8,3.6,38.3,,16.7,179.6,10.9,96,29.8,47.4,20.3,9.8,50.7,15.6,9.8,,,,,,,,,,,,,,,,,,,,528.1,11.5,4,127.2,20.1,5.1,13.2,,21.1,148.5,16.3,51.2,50,45.2,42.6,27.3,46.7,14.6,10.4,612.3,20.3,4.2,103.8,15.7,5.7,12.2,,27.9,197.4,21.2,87.5,51.3,64.9,29.5,7.6,94.8,17.1,5.6,466.4,11.2,2.3,103,18.7,6,8.2,,26.4,138.3,14.8,70.4,29.8,47.6,33.7,16,49.7,16,7.9,,,,,,,,,,,,,,,,,,,,496.5,4.5,0.3,132.1,7.4,5.4,24.3,,18.8,197,7.3,90.9,41,29.6,26.1,16.6,39.5,10.7,14.1,516.5,12.8,0.5,135.8,4.3,3.4,33.5,,7.6,162.8,4.4,56.4,35.7,55.2,22.5,8.2,45.6,11.5,17,682.5,2,0.5,178.8,8.6,6.3,34.4,,8.4,338.8,7.6,130.1,96.5,31.8,29.9,15.2,55.7,13,13.7,559,8.4,0.3,158.4,4.3,2.7,38,,13.1,172.6,5.5,68.1,45.4,53,28.3,11.6,33.4,8,9.3,813.8,9,5.5,147.1,14.8,3.4,30.6,,6.9,403.6,19.7,226.5,110.1,29,31.7,16.5,112.4,13,21.2,503.6,4,0.8,111.4,5.8,3.8,20.7,,5.6,195.7,4,115.2,45.2,33.6,22.4,10,59,8.6,18.2,468.7,9.6,0.7,139,4.3,6.8,27.3,,9.2,117.5,5.9,33.5,26.9,25.8,22.3,10.8,46.4,9.7,14.8,504.8,6.9,0.3,132.2,7.2,3.8,26,,12.9,209.8,12.6,87.8,38.9,31.3,27.1,13.8,30.1,8.1,10.2,507.5,3.7,0.5,122.6,6.6,1.1,29.3,,4,238.3,5.4,68.3,80.9,33.7,12.2,3.7,30.7,14.7,2.8,806.6,3.2,1.9,203.5,11.7,5.9,51.1,,14.3,378,25,173,100.6,31.7,63.5,44.8,67.5,13.8,21.5,410.3,4.4,1.1,121.4,4.7,1,29.7,,4.9,151.3,4,82,33.7,29.8,13.7,1.3,30.2,8,8.6,526.8,2.8,0.7,145.2,6,0.6,30.4,,7.3,190.2,4.9,97.5,37.9,73.9,18.3,4,32.2,7.4,10.8,444.8,6.9,0.4,133,8.7,8.1,27.6,,13.7,160.2,14.1,56.4,43.9,26.7,18.8,10,28.6,10.9,5.2,887.4,11.8,7.5,151.9,14.4,3.6,28,,7.3,454.1,5.6,221.8,157.3,23.7,30.6,12.8,124.1,22.4,22.3,796.5,11.2,7.9,149.2,14.8,2.7,27.4,,5,390.4,6.9,244.5,88.3,30.7,33.8,19.3,134.2,23.1,37.8,521.3,11,0.3,131.9,5.8,4.7,31.9,,7.1,190.1,6,63.8,46.3,46.8,22.8,10.7,40.6,10.5,9.5,505,6.9,0.3,146.1,5.9,2.1,34.8,,12.8,157.2,3.3,54.1,37.1,45.8,20.3,4.2,25,6.4,7.8,462.9,6.2,0.5,130,5.6,1.2,25.8,,7.5,157.2,3.8,71.9,36.6,37.2,14.3,4.1,39.1,7.4,10.4,687.6,5.1,1.8,164.8,10.6,3.7,39.5,,9.3,308.5,8.5,93.2,71.5,31.1,28.3,11.2,55.7,14.7,13.4,552.4,16.2,2,123.8,13.2,3.7,18.2,,21.1,186,5.2,46.7,84.4,43,25.8,14.5,41.5,17,8.2,744.4,4,0.9,164,10.2,5.1,28.4,,10.5,385.5,44.3,210.8,65.1,44.2,39.6,23.3,50.4,14.4,12.1,606.2,3.4,0.9,155.8,10.1,5.1,31.5,,19.2,216,13.6,69.6,58.2,45.4,41.2,25.2,60.3,12.5,22,458,10.4,0.6,128.3,7.5,5.6,26.6,,10.6,137.6,6.1,45.9,38.1,45.3,24,10.2,30.9,12.8,6.3,440,5.5,0.2,118.9,4.4,3.5,19,,8.9,171.7,3.3,83.3,38.7,26.4,15.4,5.2,33.6,5.8,10.4,418.4,5.1,0.1,115.9,3.9,4.1,22.6,,11,136.7,10.9,58.4,25.6,24.3,16.6,6.6,33.7,7.2,13.2,516.4,5.2,0.5,142.5,5.3,2.5,31,,5.9,180.7,3.2,92.1,47.6,62.6,26.6,10.4,26.1,6.1,6.1,,,,,,,,,,,,,,,,,,,,,,,,,,,,,,,,,,,,,,,407.4,5.5,0.2,123.7,3.8,3,23.5,,10.2,134.5,3.6,71.3,32.3,33.2,13.9,5.2,32.9,8.7,10.1,466.9,2.9,0.5,140.2,5.5,2.8,26.6,,14.3,167.2,3.6,94.6,39.1,36.1,11.2,2.6,40.4,14.4,12.4
"2004",,,,,,,,,,,,,,,,,,,,522.7,10.7,6.4,129.5,22.5,21.2,27,,24.2,125.1,11.3,27.1,73,31.9,23.5,17.3,60.1,16.3,21.8,442.8,12.2,0.5,116.2,5.3,3.1,19.4,,29,121.9,7.8,52.7,29.1,28.9,14.8,4.4,29.4,7.9,6.1,355.8,7.6,1.3,116,18,12.5,20.7,,4.3,98,1.6,23.3,40,42.6,14.3,6.7,38,6.3,18.4,,,,,,,,,,,,,,,,,,,,,,,,,,,,,,,,,,,,,,,431.4,7.7,0.2,134.7,3.8,3.1,36.4,,14.4,125.9,3.5,69.3,24.2,33.3,16.5,6.3,35,8.9,10.1,599.4,20.1,3.3,82.1,7.2,6.7,9.6,,87.6,146.8,16.7,69.5,36.8,52.7,60.7,39,52.9,16,4.1,519.2,15.4,0.2,128.2,2.7,3.7,37.6,,16.1,168.4,11,88.7,28,45,19.6,9.5,51.1,15.5,10,,,,,,,,,,,,,,,,,,,,525.9,11.2,4.1,124.2,19.1,4.8,14.1,,21.2,145.9,18.3,48.6,46.9,49,41.1,26.6,46.3,14.4,10.7,593.2,20.4,3.9,101.5,15,5.8,12.6,,26.5,194.1,20.4,88.9,48.6,61.7,29.3,7.4,90.3,16.5,5.4,470.1,10.6,2.1,103,18.8,5.9,7.7,,25.1,140.8,17.5,69,29.2,46.2,33.4,15.2,50.2,15.5,8,,,,,,,,,,,,,,,,,,,,472.7,4.2,0.3,130.7,7.3,5.3,24.6,,22.3,180.5,9.6,84.6,31.4,25.7,23.7,14.7,37.6,9.7,13.7,486.9,12.4,0.3,132.8,4.2,3.4,32.4,,7.5,152.7,4,53,34.2,47.6,21.8,8.3,44.6,11.2,16,647.5,2.2,0.4,175.5,8.3,5.7,34.6,,7.8,316.6,9.1,121.1,81.9,28.1,29,14.4,52.7,11.6,12.6,539,8,0.4,158.8,3.8,2.5,39.1,,12.5,160.4,6,62.3,43.1,47.5,28.4,11.4,32.2,6.8,10.1,786.4,9.1,5.7,149.6,14.9,3.5,28.5,,11.9,377.1,26.4,205.3,94.2,25.9,31.8,17.3,109.2,13.4,20.4,488.4,3.6,0.7,110,5.8,4,19.7,,5.8,183.5,4.1,107,42,26.9,26,13,63.2,8.1,18.1,429.4,8.3,0.6,135.7,4.3,6.6,27.4,,8.4,106.6,5.3,30.8,23.9,21.5,20.4,9.8,42.2,8.6,14.5,477.6,6.8,0.3,129.8,6.9,3.8,25.8,,12.6,192.5,12.9,81.1,35.1,28,26.5,12.9,28.3,7.1,9.7,500.2,3.3,0.3,123.8,6.3,1,29.6,,4.5,229.1,5,67,76.4,34.3,11.4,3.7,31.3,16.1,2.5,778.2,3.4,2,201.2,11,5.7,50.8,,12.9,363,23.4,173.9,92.9,30,60.4,42.7,65.3,14.1,21.3,407.6,3.3,0.6,122.5,6.3,1.5,29.3,,4.7,152,4.5,82.6,31.8,28.3,11,1.6,31.7,7.4,11.3,507.1,3,0.7,145.6,5.6,0.7,30.3,,7.8,179.1,5.2,93.3,34.3,65.7,18,4.5,31,7.6,10.9,413.5,6.1,0.3,131.2,8.7,7.8,26.9,,12.5,145.3,13.5,51.9,38.5,22.4,17.9,9.3,26.9,10.2,5.1,871.7,10.4,6.3,152.1,14.7,3.8,27.3,,6.3,444.3,6.1,222.9,143.6,22.5,30,12.9,118.9,21.2,20.5,795.6,10.5,7.2,149.6,14.8,2.8,26.1,,5.7,389.6,7.8,240.6,87.4,30.5,34,19.5,130.2,23.4,36.1,449.6,9,0,122.9,5.3,4,26.6,,5.1,163,4,54.2,40.6,35.3,23.6,10.8,34.4,8.4,11.2,478,6.7,0.3,146.2,5.6,2.2,36.1,,12.6,146.2,3,47.9,34.9,40.4,19,4.1,23.7,5,7.8,444.4,5.8,0.4,128.3,4.8,1.6,25.8,,6.4,147.9,3.6,65.7,35,32.7,14.5,4.5,41.8,7.3,10.7,670.8,4.6,1.6,164.3,10.2,3.6,39.1,,8.8,294.7,8.6,87.9,68.7,29.7,29.4,12.3,55.2,15,13.8,,,,,,,,,,,,,,,,,,,,721.3,3.3,0.7,160.9,10.5,4.9,28.5,,10,374.5,42.3,203.4,62.3,41.2,38.3,21.4,49.4,13,10.8,564.6,3.2,0.4,152.4,10.8,4.2,31.6,,17.1,203.6,13.4,61.1,53.5,41.3,37.1,21.8,56.6,13.6,20.1,431.9,10,0.6,126,7.2,5.6,26.7,,10.1,127.7,5.9,42.8,34.1,39.2,22.9,9.6,30,11.1,6.2,430.8,5.2,0.2,118.9,4.4,3.5,19.7,,9,160.1,3.8,77,36.3,24,14,4.7,38.8,5.3,10.7,395.3,4.5,0.2,114,3.8,4.2,22.3,,9.2,126.3,11.2,52.8,22.7,22.1,14.9,6,32.7,6.4,13.1,490.5,5.2,0.4,139.9,5.1,2.6,30.5,,5.5,166.5,3,84.7,43.4,57.4,26.2,10.2,26.1,5.7,6.3,,,,,,,,,,,,,,,,,,,,,,,,,,,,,,,,,,,,,,,400.7,5.6,0.2,123,3.6,3,23.8,,10.4,129.1,3.4,68,31.2,32.2,13.8,5.2,33,8.1,9.7,464.1,3,0.5,138.7,5.3,3.1,27.8,,13.7,166.5,4.2,94.5,39.5,36.9,11.9,2.5,37.7,12.5,11.8
"2005",,,,,,,,,,,,,,,,,,,,501.2,11.1,6.1,126.3,21.2,20.4,26.8,,23.3,116,9.8,27.4,64,30.5,21.2,15.3,59.4,15.2,22.3,442.2,13.8,0.5,116.7,5.8,3.2,18.3,,27,118,6.7,51.8,28.2,31.5,14.5,4.3,28.3,7.1,6.1,358.7,7.9,1.2,113.6,17.2,12,20.7,,4.5,99.1,1.5,24,39.4,44.9,14.4,6.7,38.5,5.9,18.8,,,,,,,,,,,,,,,,,,,,,,,,,,,,,,,,,,,,,,,426.3,8,0.2,131.9,3.8,3.4,36.1,,14,120.3,3.5,65.6,22.7,33.8,16.5,6.3,36.5,9.4,10.2,611.7,20.2,3.4,82.2,7.1,6.5,9.6,,91.6,148.2,17.1,71,36.3,54.7,61.5,39,53.6,16.6,4.2,518.2,15.4,0.2,126.8,2.6,3.8,37.1,,16.2,163.3,11.1,85.5,26.3,46.4,19.4,9.5,52.2,15.4,9.9,,,,,,,,,,,,,,,,,,,,509.7,10.5,3.6,123.8,18.8,4.9,14.2,,20.3,141.2,17.8,46.9,44.9,45.4,37.1,23,45.5,14.1,10.2,584.4,19.3,3.3,100.3,15.2,5.3,12.5,,25.1,193.9,18.4,91.9,47.7,65.8,28.9,7.6,80.2,15.3,5,427.3,10.1,1.8,93.8,15.8,4.7,7.3,,19.9,128.8,17.9,62.5,26.3,40.3,29.4,14,46.6,14.4,6.5,,,,,,,,,,,,,,,,,,,,463.5,4.8,0.4,126.9,6.6,5.3,23.9,,20.9,175.2,11.9,81.8,29.9,25.8,23.1,13.9,38.4,8.8,13.1,483.2,11.6,0.5,133.3,3.9,3.5,33.9,,7.4,145.6,3.8,50.3,32.2,50.5,22.1,8.3,44.4,10.5,15.8,636.2,2.5,0.4,166,7.6,5.1,33.2,,8.1,307.7,8,130.6,80,34.6,30.1,15.2,48.3,11.3,12.4,519.7,6.8,0.3,157.8,4.2,3.5,38.7,,12.7,149.5,5.9,57.2,39.8,45.2,28.9,11.4,33.2,6.4,9,758.1,6.5,2.8,148.8,13.5,3.6,27.3,,9.4,364.6,27.8,191.6,90.3,21,33.5,17.9,102,14.3,16.8,474.8,3.7,0.7,109.2,5.7,3.9,20.2,,5.4,177.2,4.2,104.1,39.1,22.2,27.5,14.4,59.9,8.1,16.2,430.3,8.3,0.6,135,4.1,6.7,27.9,,8.4,104.8,5.4,29.9,23.4,23.9,20.1,9.5,41.5,8.5,14.1,470.6,7.1,0.3,128.3,6.6,3.7,25.9,,12.6,185.8,13.2,76.6,33.3,29.7,26.2,12.4,27.3,6.4,9.2,485.1,3.7,0.4,122.6,6,1.1,29.1,,4.6,214.1,5.1,59.7,71.8,35.4,11.7,3.9,32.4,16.5,2.8,781.9,3.3,1.6,183.3,9.8,5,46.7,,19.3,374.6,33.4,194.4,80.8,36.4,55.8,38.7,58.4,13.5,20.1,394.2,2.2,0.4,121.1,6.8,2.6,33,,4.2,130.6,3.4,68,28.6,34.4,12.5,3.1,29.3,6.5,10.5,485,3.1,0.4,140.5,6.1,0.9,29.2,,7.7,164.2,5.4,84.9,31.8,62.7,18.1,4.8,33.8,7.9,10.4,416.1,6.2,0.3,128.2,8,7.4,26.5,,13.1,146.5,14.5,52,38.6,25.5,17.7,9,26.2,10,4.8,888.7,11,6.4,152.7,13.9,3.5,27.6,,5.8,447.5,10,220.3,142.7,27.1,31.9,14.6,120.5,19.9,21,838.1,12.2,8.9,148.8,13.9,3.1,25.3,,6.3,406.2,7.7,253,88.9,33.1,40,24.5,143.4,25,34.3,443.8,13.2,0.2,119,4.7,5.1,27,,5.5,162,4,47.7,36.9,32.8,19.7,9.6,32.7,7.6,8.8,466.7,6.4,0.2,144.8,5.5,2.2,35.6,,12.3,138.7,2.9,44.5,32,44.1,17.9,4.1,23.5,4.5,8.2,433.4,7.5,0.4,126.9,5.1,2.1,25.6,,8,134,3.6,58.6,32.6,37.3,12.7,3.5,37,6,10.8,663.3,4.7,1.6,162.2,9.7,3.2,39,,9.3,285.1,9.5,85.3,65.5,31.7,30.5,13.2,55.5,13.9,13.6,,,,,,,,,,,,,,,,,,,,728.2,3.4,0.7,161.1,9.7,4.8,28.6,,9.4,378.5,42,198.4,55.6,42.4,39.4,23,49.5,12.8,10.7,555.3,6,0.5,150.5,10.2,3.9,32.5,,13.8,211,14.1,59.5,46.6,38.1,32.3,17.9,54.1,12.8,19.4,433.5,9.9,0.6,122.6,7,5.4,25.9,,10.2,126.6,6.1,42,33.6,45.5,22.6,9.4,28.6,10.2,5.9,422.7,6.1,0.3,117.8,4,3.3,20.4,,8.9,155,3.8,74.1,32.9,25.3,14.2,5,33.9,4.9,11.1,390.5,4,0.2,111.7,3.8,4,22.8,,8.3,125.4,11.9,52.9,22.2,24,15.3,5.9,31.5,4.8,13.2,479.6,5.9,0.4,138,4.9,2.6,30.4,,5.3,157.1,3.2,79.3,40.4,58.3,25.9,10.2,25.6,5.6,6,,,,,,,,,,,,,,,,,,,,,,,,,,,,,,,,,,,,,,,,,,,,,,,,,,,,,,,,,,429.9,2.6,0.3,131.8,4.3,2.5,24.9,,13.4,150.4,3.6,84.1,35.6,31.6,10.2,2.5,37.3,11.7,12.2
"2006",,,,,,,,,,,,,,,,,,,,478.2,10.4,5.6,122.2,20,19.6,26.3,,22,110.7,9.5,27.9,58.8,29.2,19.5,13.3,55.4,14.6,19.3,424.5,14,0.4,114.3,5.6,3.2,19.7,,25.7,110.2,6.9,50,25.7,30.1,14.6,4.4,25.7,6.5,5.3,347,7.7,1.2,111.7,16.8,11.4,20.5,,4.4,94,1.5,23,36.8,42,14.1,6.6,36.8,5.2,18.4,,,,,,,,,,,,,,,,,,,,,,,,,,,,,,,,,,,,,,,408.1,7.8,0.2,128.5,3.7,3.3,35.4,,12.5,111.4,3.1,60.9,21.4,30.5,16,6.2,34.8,9,9.4,589.9,19.5,3,80.4,6.9,6.7,9,,90.1,141.6,16.3,68.5,34.7,51.1,59,36.7,53.9,17,4.1,505.7,15.2,0.2,124.7,2.5,3.8,36.2,,15.5,154.7,10.8,80.3,24.8,43.3,19.2,9.4,53.5,15.3,10,,,,,,,,,,,,,,,,,,,,490.2,10.1,3.4,121.6,18.3,5.1,14.3,,19.4,134.6,16.8,45.1,42.6,41.8,36.5,22.8,46.6,13.9,10.7,577.3,17.9,3.2,97.9,14.6,5.5,12.5,,23.9,192,18.6,89.3,47.1,63.9,29.7,7.5,78.4,15.6,5.1,438.4,9.8,1.6,94.6,14.5,4.4,6.1,,17.2,129.5,18.9,62.9,25.2,36.5,30.9,15.4,51.3,16.1,8.1,,,,,,,,,,,,,,,,,,,,443.3,3.8,0.4,123.8,6.3,5.5,23.9,,20.1,167.8,12.5,79,29,23.6,20.7,12.3,35.9,8.1,11.9,458.3,10.2,0.3,129.8,4,3.4,33.5,,6.8,134.5,3.6,44.3,29.8,44.2,20.8,8.1,43.5,10,15.2,599.6,2.6,0.4,162.3,7.5,5.1,32.4,,8.1,284.2,7.4,124.2,73.6,31.5,28.9,14.6,44.2,9.7,10.9,517.8,7.3,0.2,158.4,4,3.2,39.7,,12.3,142.5,5.6,52.7,38.7,45,29.4,12.3,33.7,5.8,9.3,747.3,9.2,3.7,150.1,15.8,3.4,29.9,,9.6,356.5,28.2,184.8,84.4,22.3,32,17.8,99.9,16.4,14.7,462.9,3.4,0.5,107.3,5.3,4.2,20,,4.9,172.6,4.5,100.3,38.6,18.6,25.9,13.9,60.5,7.3,17.6,408.4,7.9,0.5,131.5,4,6.6,27.6,,7.9,97.5,5.2,27.5,21.7,20.2,19.4,9.4,39.6,7.5,13.6,452.8,7,0.3,126,6.3,3.9,25.6,,11.2,175.3,13,72.1,31.3,27.4,25.4,11.8,26,6.1,8.6,465.1,3.5,0.4,118.1,5.9,0.8,28.8,,5.4,207.4,5.2,57.7,67.9,36,11.6,4.2,29.2,14.7,2.8,746.6,2.9,1.3,185,10.2,4.2,47,,16.6,343.5,30.6,179.1,74.5,34.7,56.2,38.4,56.2,14,18.8,401.7,4.1,0.4,117.5,4.6,2.5,30.6,,5.4,137,5.5,69.5,30.3,28.2,10.3,1.9,38.8,12.2,9.8,477.7,2.8,0.7,142.7,6.2,1.2,29.2,,8.6,158.1,5.4,80.3,30.3,62.2,17.7,4.7,30.7,6.7,10.1,392.4,6.2,0.3,126.1,8,7.4,26.2,,12.3,133.5,13.3,47,35.6,21.3,16.8,8.6,25.7,9.7,4.6,892.1,11.2,6.5,157.3,15,3.7,29.8,,7.1,436.4,13.2,214.6,131.8,26.6,33.8,17.8,119.8,18,18,849.7,12.1,8.8,149.9,13.5,2.6,27.3,,6.4,407.5,8.6,247.9,94,32.2,50.7,33.7,137.8,25.9,27,450.5,11.7,0.1,119.1,4.8,3.8,26.2,,6.7,166.5,5.2,55.5,37.4,29.7,24.4,13.6,37.5,6.6,11.1,451.2,6.4,0.3,142.4,5.1,2,35,,11.2,129.5,2.7,40.5,29.8,41.2,17.5,3.8,22.7,4.3,7.9,424.9,7,0.3,123.2,4,1.9,25.7,,8,131.4,3.6,55.6,30.9,35.8,12.7,3.2,36.2,5.5,10.6,648.6,4.7,1.5,161.3,9.5,3.4,38.9,,10,276.3,9.9,83.1,62.4,30.7,29.6,13.5,54.2,12.8,13,,,,,,,,,,,,,,,,,,,,709.5,4,0.7,156.2,9.7,4.9,27.3,,9.2,370.2,36.9,181.9,52,39,40.1,23.5,48.1,0,0,519.3,4.1,0.5,150.8,9.5,4.5,31.4,,10.1,191.4,15.7,50.7,40.2,31.8,31.1,18.9,57.3,13.8,19.8,406,9.2,0.5,121.5,6.8,5.3,26.1,,9.2,117,5.9,38.8,30.9,37.1,21.7,9.1,26.5,9.3,5.5,413.3,5.9,0.3,116.3,3.8,3.4,19.7,,8.9,151.2,4.3,72.2,32,22.7,14.6,4.8,32.5,5.2,10.9,377.4,4.4,0.2,110.8,3.6,4.4,22.2,,7.7,119.6,12.2,50.3,21.3,20.3,15.6,6,33.1,4.9,13.1,464.2,6.8,0.4,137,4.4,2.8,30.8,,5.1,146.5,3.3,73,37.6,54.8,26.4,10.7,25.6,5.6,6.1,,,,,,,,,,,,,,,,,,,,,,,,,,,,,,,,,,,,,,,389.7,5.9,0.2,120.9,3.5,3.5,23.5,,10.2,119.4,3.6,61.1,28.7,29,13.4,5.1,32.8,8.5,9.4,433.9,2.9,0.3,130.9,4.6,3.6,25,,13.4,149.3,4.4,82.2,35.6,33.7,11.9,2.8,36.2,10.3,12.3
"2007",,,,,,,,,,,,,,,,,,,,461,9.8,4.8,120.9,18.8,19.4,25.6,,20.5,108.6,10.6,27.1,54.8,29,19,12.4,55.1,13.9,21.8,425,14.2,0.4,114,5.5,3.3,18.8,,25.6,111.7,7.8,51.8,25,32.1,14.5,4.5,24.1,6.1,4.6,341.4,7.5,1.1,110.5,16.2,11,20.5,,4.3,91.1,1.5,22.1,35.1,41.5,13.8,6.4,36.3,4.6,18.8,,,,,,,,,,,,,,,,,,,,,,,,,,,,,,,,,,,,,,,407.1,8.2,0.2,128.2,3.4,3.5,35.1,,12.4,108.9,3.1,58.9,20.9,31.7,17,6.6,35.3,8.7,9.6,580.3,18.7,2.6,77.8,6.5,6,8.3,,87.9,141.8,17.3,66.6,34.9,49.4,58.6,36.2,51.4,14.7,4,497.2,14.9,0.1,122.7,2.5,3.9,35.4,,14.9,149.2,10.9,75.6,24.2,42.7,19.3,9.7,53.7,14.6,10.3,,,,,,,,,,,,,,,,,,,,494.7,9.5,3,117.1,16.7,4.9,14.1,,19.6,135.3,16.9,44.8,42.8,47.4,35.8,22.3,44.5,12.7,10.9,557.4,18.4,3.4,97.9,14.6,4.9,12.1,,22.7,183,17.5,86.5,44.5,60.5,28.9,7.2,73.8,15.7,5,404.4,8,1,87.4,13.6,4.2,5.9,,15.4,121.4,17.3,57,24.6,36.9,29.8,15.3,45.1,14.5,6.1,,,,,,,,,,,,,,,,,,,,433.2,3.8,0.3,121.3,5.7,5,23.7,,16.4,163.6,13.2,76.9,27.1,23.8,21.5,12.6,35.4,7.8,11.8,453.6,9.6,0.4,130.1,3.8,3.5,32.7,,6.6,130.9,3.5,43,28.8,44.1,21.1,8.1,43.3,10.5,14.2,584,4,0.4,155.7,6.9,4.7,31.5,,12.8,272.7,12.7,136.4,59.5,31,28.5,15.2,45.5,10.9,10.7,511.8,7.7,0.3,151.7,4,2.7,35.1,,12.2,132.2,7,49,34.8,47.3,26.3,11,32.1,6.8,8.4,739.3,8.5,3.4,146.2,13.8,3.1,29,,9.9,341.8,39.6,172.3,68.7,20.9,35.6,21,99.4,14.7,15.2,461,4.3,0.5,105.7,4.7,3.8,20.2,,5.2,169.9,5.2,98.3,35.8,19.3,28.5,16.2,59.2,8,16.3,398.5,7.6,0.5,129,3.8,6.4,27.4,,7.6,93.5,5.1,26.3,20.4,20.3,18.8,9.1,38.5,7.3,13,444.3,7.6,0.2,123.9,5.9,4,25.5,,10.6,169.6,13.3,68.2,28.9,28.2,24.3,11.1,24.6,5.8,8.3,473.9,4.2,0.4,120.8,5.9,0.9,28.9,,5.6,200.5,5.2,56.5,62.3,40.3,11.5,3.9,31,14.7,2.4,741.8,3.2,1.4,185.7,9.8,3.8,49.5,,15.8,335.8,30.8,168.7,72.5,36.7,56.8,39,54,13.4,18.4,394.2,4.9,0.9,127,4.4,2.1,31.8,,5,128,2.9,66,31.5,28.4,10.5,3,31.9,5.6,11.2,463.2,4.1,0.8,138,5.6,3.5,29.7,,8.1,154.4,4.6,84.9,31,49.3,19.7,7.5,36.1,6.6,9.9,388.3,6.5,0.3,125.2,7.7,7.2,25.9,,12.3,130.3,13.7,45.4,34.3,21.7,16.4,8.3,25.3,9.2,4.6,877,10.6,5.1,152.2,14.1,3.6,27.3,,8.9,435.8,19.2,227.8,118.8,25.8,39.5,21.8,106.4,19.6,16.8,858.8,11.9,8.5,151.2,14,2.9,26.6,,5.5,400.4,10.8,241.4,88.5,36,60,42.1,137.1,25.1,27.4,443.6,12.8,0.2,125.2,3.8,4,31.9,,5.8,150.2,4.8,44.8,34.3,32.1,21.7,12.3,39.8,6.2,13.6,433,6,0.2,140.3,4.8,2.3,35.4,,10.1,123.6,2.8,37.5,27.9,39.8,17,3.9,21.8,4.5,6.9,423.9,7.5,0.3,124.5,4.4,1.8,26.5,,7.8,128.5,3.8,53.9,29.4,37.6,12.5,3.6,34.5,5.3,9.4,644.4,4.4,1.4,159.9,9.5,3.3,38.6,,10.3,271.6,9.6,78,59.9,31.4,30,14.8,53,14,11.8,477.9,14.5,1.4,118.4,11.7,4,18.1,,18.2,137.6,5.7,34.6,59.1,43.2,23.2,12.7,29.9,9.9,6.7,701,4,0.5,156.6,9.3,4.6,26.7,,8.1,360.5,17.8,197.2,64.4,40.9,41.2,24.7,46.2,0,0,510.9,4.4,0.8,154.7,9.9,5,32.4,,6.7,189.6,15.5,50.1,41.6,26,35.1,21.6,57.1,14.7,16,406.6,9.4,0.5,120.4,6.6,5.3,26,,9.4,116,6.3,37.6,30,40.1,21.5,9,25.5,8.5,5.4,408.3,7,0.3,113.7,3.8,3.1,19.3,,8.5,146.5,4.8,68.2,30.3,22.7,14.4,4.9,33.6,4.9,10.3,371.4,4.3,0.2,111.5,3.7,4.7,22.6,,7.9,116.9,11.7,48.2,20.9,20.1,15.4,6,32.6,4.8,13.3,456.3,7.2,0.4,135.9,4.3,2.9,30.5,,4.9,139.8,3.4,69.3,35.4,54.1,25.8,10.7,25,5.3,5.7,,,,,,,,,,,,,,,,,,,,,,,,,,,,,,,,,,,,,,,377.7,5.2,0.1,116.9,3.4,3.4,23.2,,10,113.9,3.6,56.8,26.7,29.3,13.3,5,32,7.8,9.7,426.1,3.3,0.2,133.6,4.9,3.4,24.7,,12.8,140.9,4,77,33.6,31.9,11.3,2.6,37.7,11.3,11.2
"2008",,,,,,,,,,,,,,,,,,,,440.1,9.8,4.5,117.8,17.6,18.9,25.3,,17.8,99,8.7,22.4,49.6,29.4,18.2,11.7,54,13,22.4,404.8,15.2,0.3,112.6,5.2,2.9,18.4,,24.7,98.2,7.8,45.3,19.6,30.4,12.6,3.7,24.7,5.7,4.8,339.2,7.4,1,109.5,15.6,10.6,20.4,,4.3,89.6,1.5,21.8,33.9,41.5,13.6,6.3,35.7,4.1,18.8,,,,,,,,,,,,,,,,,,,,,,,,,,,,,,,,,,,,,,,399.9,8,0.2,126.2,3.5,3.5,34.2,,12.3,105.4,3.3,57,20,31,16.4,6.5,35.3,7.9,9.7,598.8,18.9,2.8,78.6,6.6,6.1,8.2,,92.5,146.3,18.2,69.6,35.2,50.4,59.7,36.8,56.3,16.3,4.3,501.8,14.9,0.1,121.8,2.4,4.1,34.7,,14.6,148.2,11.5,74.9,23.9,46,19.6,9.9,52.7,13.2,10.7,,,,,,,,,,,,,,,,,,,,466.2,9,2.4,115.5,16.5,5.2,13.3,,17,124.5,16.7,39.6,40.7,40.9,35.4,22.6,45.6,13.7,12.1,553.7,16.8,3.2,95,13.5,5.1,11.7,,22.4,179.7,17.9,88.2,44.1,60.5,29.6,7.2,73.4,15.2,5,401.7,7.2,1.4,85.2,13.6,4.1,5.4,,16.9,115.2,16.7,54.7,22.2,31.7,28.4,14.5,47.2,14.8,5.8,,,,,,,,,,,,,,,,,,,,423.7,4.3,0.3,123.2,5.6,5,24.4,,17.4,154.7,13.1,71.3,26,21.2,19.3,11.4,33.6,7.2,11.2,450.8,9.6,0.4,130.8,3.7,3.7,33.3,,6.9,126.9,3.3,40.5,28.1,43,21.1,8.5,43,9.1,15.4,567.9,5.1,0.3,153.3,6.5,4.4,30.3,,10.2,261.9,9.9,129.2,57.3,30.2,28.2,15.3,43.8,9.9,10.6,495.3,6.4,0.2,149.2,4.5,3,37,,11.6,122.1,7,45.7,31.7,46.1,26.9,11.9,31.3,6.9,8.7,686.7,7.5,2.9,143.6,11.8,3.5,28.6,,8.8,332.7,55.3,163.8,56.8,20.4,35,21.1,83.6,11.2,15.2,448.6,4,0.5,104.7,5.1,3.7,19.3,,5.4,164.6,6,94.1,33.8,16.7,26.2,15.5,58.4,6.6,17.1,395.7,7.9,0.4,127.7,3.8,6.5,27.1,,7.5,91.4,5,25.2,20,20,18.7,8.8,37.9,6.8,13.2,441.7,7.8,0.2,124.3,5.9,4,25.7,,10.5,163.3,13.1,63.6,28.6,28,24.5,11.1,24.6,5.4,8.4,449.7,4.4,0.3,119.9,5.7,0.8,29.4,,4.7,189,5.2,51.1,59,39,11.1,4.1,28.1,13.9,2.6,712.4,2.7,1.2,185.8,9.5,4.4,50,,14.8,319.8,30.4,161.3,68.8,33,53.5,36.1,52,11,18.6,388.6,4,0.1,121.8,3.8,3.2,29.9,,5,126.7,4,68.5,26,31.5,10.7,2.1,31.6,4.4,10.8,453.6,3.7,0.5,139.8,5.4,3.3,29.1,,7.4,148.9,4.7,78.9,31.2,51,18.9,7.5,34.5,5.7,10.9,381.3,6.5,0.3,123.3,7.3,7,25.4,,12.1,126.5,13.6,44.2,34.3,21,16.2,8.2,24.1,8.3,4.8,805.9,10.7,4,151.1,13.8,3.1,26.5,,9.8,389.8,19.2,201.2,108.8,20.5,33.2,18,92.5,16.1,19.8,806.6,13,8.7,150.7,13.9,2.7,25.4,,5.1,375.8,9.4,228.8,88.6,30.6,55.5,37.6,125,17.2,30.1,397.4,12,0,115.9,4.1,5.5,20.8,,5.8,138.4,2.7,42.7,31.6,28.7,19.4,9.3,32.4,5.4,6.8,428.1,6.3,0.2,140.9,4.8,2.2,35.1,,9.7,117.5,3,35,26.2,39.3,16.7,3.9,22.1,4,7.3,416.8,8.1,0.2,122.5,4,2,26.2,,6.9,122.2,3.8,51.3,30.1,36.7,12.8,3.6,35.3,5.9,9.7,631.2,5.1,1.5,156.7,9.2,3.3,38.5,,10.4,265.4,8.7,76.4,57.1,30.4,30.3,15.3,53.8,13.9,12.6,468.4,14.5,1.2,118.6,12.2,4,17.3,,17.2,132.4,6.2,32.4,56.1,44,22.5,11.4,29.5,8.8,6.8,678,4.4,0.6,154.2,8.1,4.8,26.9,,7.8,342.4,6.9,205.4,74.1,37.9,40.7,24.2,48.9,12.7,9.1,481.6,3.6,0.9,153.5,10.1,5.2,31,,6.6,171.9,10,50.3,45.9,26.7,32.9,20.3,51,11.1,15.2,395.1,8.9,0.4,118.4,6.4,5.3,25.8,,9.1,111.2,6.2,35.2,28.1,38.8,20.6,8.5,23.9,7,5.7,402.1,7.1,0.2,112,3.6,3.1,19.6,,8.7,142.4,5,65.8,31.1,23.2,14.3,4.9,32.9,4.2,10.6,361.7,4.4,0.2,107.9,3.5,4.6,22.3,,8.1,112.2,11.8,45.9,19.9,19.3,14.5,5.8,31.3,4.6,12.6,451.6,6.1,0.4,134.3,4.2,3,30.6,,4.8,134.9,3.5,65.5,34.6,55,25.8,10.7,25.6,4.7,6.2,,,,,,,,,,,,,,,,,,,,,,,,,,,,,,,,,,,,,,,380.3,5.4,0.2,118.6,3.3,3.6,23.3,,10.5,113.7,4,56.8,26.9,27.5,13.2,5.1,32.9,7.2,10,421.4,3.3,0.2,130.5,4.4,3.1,25.7,,12.9,135.1,4.4,72.3,32,34.6,11.7,2.8,38.7,10.6,11.8
"2009",,,,,,,,,,,,,,,,,,,,420.7,10.2,4.2,114.2,16.6,18.1,24.4,,16.1,91.9,8.3,21.6,43.5,29.5,17.3,10.9,56.3,12.5,26.3,377.6,13.6,0.2,106.9,5.6,2.9,18.2,,22.6,89,6,39.6,19.3,26.6,13.6,4.6,22.7,5,5.4,328.9,7.2,0.9,106.7,15.1,10,20,,4,85.4,1.4,20.9,31.7,39.6,13.3,6.1,35.5,3.9,19.1,457.8,7.1,1.2,91.5,7.9,3.2,27.3,,24.9,187.8,21.4,65.2,50.1,41.2,11.4,4.3,16.5,5.6,1.5,,,,,,,,,,,,,,,,,,,,387.8,8.1,0.1,123.5,3.3,3.5,34,,10.9,100.3,3.3,53.7,19.7,31.2,15.8,6.2,34.7,7.1,10,592.1,17,2.5,76.3,6.2,6.2,7.8,,89.8,143.9,19.9,69.4,34,52.1,58.6,35.3,58.8,16.2,4.5,487.1,14.9,0.1,119.7,2.4,4.3,33.8,,14,141.6,11.5,70.3,22.6,44.6,18.9,9.9,50.8,11.9,10.8,,,,,,,,,,,,,,,,,,,,478.3,9.7,2.5,120.2,17.8,5.2,13.7,,17,124.7,16.8,37.5,40.9,43.9,35.8,22.8,45.7,12.7,12.2,534.5,15.4,2.9,93.2,12.7,4.6,11.4,,19,168.6,17,81.4,40.7,57.5,28.4,6.9,76.9,15.1,5,391.4,7.8,1,85.1,13.1,4.3,5.5,,16.7,113.9,17.2,52.4,24,31.5,29.2,15.3,44,12.7,6.1,,,,,,,,,,,,,,,,,,,,429,4.2,0.3,120.7,5.4,5.2,23.9,,16.5,155.2,14.3,71.7,24.7,21.1,20.2,12.6,33.7,6.7,11.4,440.1,10.1,0.2,127.2,3.4,3.6,32.2,,6.9,121.3,3,38.1,26.9,41.6,20.4,8.2,42.6,8.8,15.3,565.2,6.1,0.3,150.6,6.6,4,29.9,,9.9,262.2,9.6,124.7,57.9,33,27.8,14.3,42.1,8.7,11.1,488.2,7,0.3,144.1,3.9,2.9,35.7,,12,117.4,6.7,43.9,30.6,49.2,25.9,11.1,28.1,5.5,8.7,644.3,8.8,2.4,141.5,12.4,4,24.8,,8.4,311.1,64,149.2,48.9,18.5,28.4,14.5,79.7,8,16.2,443.4,3.8,0.4,102.7,4.6,4.3,19.2,,4.2,160.6,6.6,89.5,33.8,18.3,27,15.5,55.7,5.8,17.1,389.5,7.7,0.4,126.7,3.7,6.4,27.5,,7.3,87.3,4.9,23.8,19.3,20.2,18.2,8.6,37.9,6.8,13.3,436.9,8,0.2,122.2,5.6,4,25.3,,10.5,158.9,12.7,62.1,27.6,29.4,23.3,10.7,24.3,5,8.4,437.9,4.7,0.4,117.5,5.5,1,28.9,,4,179.1,5.3,51.5,54.3,39.4,11,4.1,28.5,13.6,2.7,702.4,3,1.1,187.1,9.9,4.4,50.3,,13.6,313.8,30.1,159.9,67.8,33.7,51.2,34.4,50.2,9.4,19,382.2,2.1,1.1,119,3.2,2,28.3,,5.5,125.9,6.3,60.3,27.2,31.2,11.2,1.6,30.1,3.7,10.3,453,4.2,0.6,139.2,5.8,4.1,29.4,,7.1,141.7,3.6,76.3,30.1,52,18.8,7,38,5.9,11.3,375.6,6.6,0.3,122.2,7.1,7.1,25.2,,12.1,122,13.6,42,33,21.6,15.8,7.9,23.5,7.3,4.8,766,11,3.6,153.2,13.4,3.5,26.4,,11.7,371.3,18.4,195.3,101.7,19.2,31.2,16.7,81.7,11.2,19.8,749.4,10.4,6.5,146.7,12.3,3,25.4,,5.5,359.3,9.4,217.5,86.3,27.9,45.9,27.7,108.9,13,30.4,397.6,11.7,0,123.1,4.5,6.8,28.8,,4.3,133,4.7,32.5,33.7,32.5,20.5,9.2,35,6.6,7.8,415.5,6.2,0.2,139.2,4.9,2.4,34.5,,9,110.9,2.8,32,25.1,38.9,15.4,3.6,22.4,3.8,7.6,407.6,8.5,0.2,119.4,3.7,2.2,25.1,,6.7,115,3.4,48.5,27.7,36.6,12.4,3.3,36.3,5.1,10.7,623,5.2,1.4,154.5,8.7,3.3,37.5,,10.4,264.7,9.3,72.3,54.3,31.8,29,14.2,51.2,11.6,14.3,458.6,13.8,1.2,118.6,11.2,4.3,18.1,,17.9,126.9,6,30.6,53.3,45.5,22.1,11.3,28.8,8.7,6.8,659.8,4.7,0.6,150.8,8.6,4.3,26.3,,8.2,331.6,7.8,197.8,70.4,39.3,39,23,44.4,8.6,9,475.8,2.4,0.6,151.4,9.3,5,28.2,,5.7,169.2,11.5,47.9,48.7,27.7,31.3,19.5,51.5,8.8,16.2,382.1,7.8,0.4,117.1,6.3,5.3,25.6,,8.6,105,6.4,33.7,26.5,36.9,20.1,8.5,21.5,5.5,5.6,392.4,7.8,0.2,110.5,3.3,3.4,18.8,,8.2,136,5.3,61.2,29.5,22.7,13.4,4.6,32.1,3.6,11.2,360.3,4.2,0.1,106.6,3.3,4.4,21.1,,7.3,109,11.7,43.4,18.9,20.9,14.9,5.9,30,4.5,11.2,430.3,5.5,0.4,131.6,4,3.1,29.8,,4.5,125.6,3.3,60.3,31.6,51.3,24.6,10.2,24.8,4,6.2,,,,,,,,,,,,,,,,,,,,,,,,,,,,,,,,,,,,,,,363.6,4.9,0.1,114.7,3.1,3.9,22.3,,10.4,104.7,3.8,52.3,24.4,26.3,13,5.1,33.1,7.2,9.6,411.2,4,0.2,125.5,3.8,3.2,24.4,,12.3,130.4,4.1,70.6,30.3,33.5,12.3,2.4,38.1,10.6,11.4
"2010",,,,,,,,,,,,,,,,,,,,415.5,10.8,4.2,112.9,15.7,17.3,24.4,,16.3,90.3,7.9,21.3,42.3,30.4,17.3,10.5,54.5,11.7,25.9,372.8,14.4,0.2,108.9,5.2,2.9,20.1,,21,87.5,6.5,37.1,19.8,25.3,12.6,3.9,23,5.2,6.3,331,7.1,0.8,106.2,14.7,9.7,20,,4,84.9,1.5,20.7,30.8,40.7,13.3,6,35.3,3.9,18.3,456.7,7.4,1.1,94.4,8.3,3.6,27.9,,25.2,184.6,18.4,63.8,51.9,38.4,11.5,4.4,18.7,6.6,2.1,,,,,,,,,,,,,,,,,,,,378.3,8.3,0.1,120.8,3.1,3.6,33.3,,10.6,95.7,3.3,50.6,18.6,29.1,15.1,6.1,35.2,7.3,10,601,16.5,2.6,75.7,6.1,6,7.6,,92.6,148,18.5,74.4,34.1,51.9,58.5,34.9,61.4,14.8,4.3,481.6,14.1,0.1,118.2,2.4,4.3,32.9,,13.7,138.7,11.5,67.7,22.3,43,19,10.2,51.1,11.3,11.2,,,,,,,,,,,,,,,,,,,,491.9,10,2.7,119,17.1,5.1,13.9,,18.5,131.5,18.3,38.7,43.2,47.1,36.4,22.7,46,12.1,11.2,531.3,14.9,2.5,91.7,12.4,4.7,11.3,,19.4,168.7,18.4,83.7,38.7,59.7,28.4,7,71.9,13.7,4.6,430.4,8.6,1.1,96.9,13.9,5.2,6.5,,17.7,127.1,17.3,59,27.4,39,31.4,14.5,49.2,13.2,6.7,,,,,,,,,,,,,,,,,,,,417.5,4.1,0.3,118.8,4.8,5.3,24,,14.6,150.7,15,70.3,23.7,20.5,19.4,11.9,32.4,6,11.4,439.2,9.9,0.2,126.9,3.2,3.8,33,,6.2,117.1,3.3,36.3,25.3,39.8,19.1,7.8,41.4,8,15.3,550.1,5.3,0.2,149,6.6,4.6,30,,9.7,253.1,9.8,118.7,53.5,31,26.5,14.2,41.7,7.8,11.4,475.4,7.8,0.4,146,4.1,3.8,35.8,,11,113.5,6.8,40.7,30.3,46.7,25.8,11.5,25.6,4.6,7.9,612.3,7,2,139.6,11.2,4,25.4,,6,299.8,61.6,145.1,45.8,16.9,27.9,15.7,69.4,6.4,13.6,437.9,3.6,0.4,105.9,4.6,3.9,20.4,,4.4,156.8,7.1,88.1,31.5,16,25.3,14.6,53,5.7,15.9,383.1,7.4,0.4,123.9,3.6,6.6,26.9,,6.8,83.5,4.7,22.5,18.5,18.7,17.7,8.3,37,6.2,13.1,429,7.7,0.2,121.2,5.5,4.1,25.2,,10.4,152.6,12.7,59.5,26.3,27.5,23.1,10.6,24.7,4.4,8.8,423.1,4.2,0.3,114.2,5.1,1.2,28.4,,4,167.7,5.2,47.3,49.4,35.9,10.6,3.8,25.8,11.7,2.6,688.1,3.1,0.9,183.3,8.6,4.1,50.7,,12.9,311.5,30.7,159.6,65.9,32.3,47.2,30.9,48.6,8.3,18.7,375.2,2.5,0.3,117.8,5.2,4.1,30.7,,4.2,120.4,6.8,60.2,26.6,32.7,10.3,1.5,34.5,3.9,13.4,409,4.1,0.5,125.9,5.2,3.9,26.5,,6.9,130.3,4.3,66.5,27.8,43.7,16.6,6.4,30.6,4,10,361.9,6.7,0.3,119.9,6.9,6.7,24.9,,11.7,116.2,13.8,39.9,30.6,20.2,15.4,7.4,21.9,6.8,4.8,755.4,9.4,3.1,154.7,12.7,3.3,26,,12.4,369.4,18.6,191.1,101.1,18.4,30.7,15.9,80.7,11.1,17.2,737.2,10.8,5.4,144.9,12.1,3.3,23.8,,4.8,356.4,9.6,222.7,83.8,21.6,45.6,26.7,105.7,10.4,27.6,396.6,9.1,0.2,119.4,4.9,5.8,24.6,,7.1,122.2,3.2,33.5,31.6,26.7,18.9,10.7,35.7,4.6,8.6,410.2,6.3,0.2,139.5,4.8,2.4,34.5,,8.7,107.9,2.9,30.3,24.1,35.4,15.3,3.5,22.2,3.7,8,402.2,8,0.2,121.2,3.7,2.4,25.8,,6.5,110.9,4,45.9,26.1,33.2,11.9,3.5,34.9,4.7,10.1,594.2,5,1.1,149.9,8.6,3.2,36.8,,9.7,249.4,9,67.4,51.3,28.8,27.3,13,49.6,10.5,13.9,446.5,13.4,0.9,118.2,10.8,4.3,18.4,,17.8,122.6,6.4,29.4,51.4,41.7,21.3,10.5,28.3,7.9,7.1,650.8,4.7,0.5,150.7,8.5,4.4,26.5,,7.8,326.6,9.7,192.3,67.1,39.6,37,21.9,43.9,8.6,9.6,456.1,2.1,0.5,149.2,9.5,4.9,30.1,,6,159.9,10.9,47.2,43,23.7,30.3,18.8,47.1,6.7,15.1,368.8,7,0.4,116.5,6.3,5.4,25.6,,8.2,100.8,7,32.5,24.7,33,19.1,8,20,4.9,5,387.1,7.8,0.1,107.4,3.4,3.3,18.9,,8,132.2,6.1,58.1,27.4,20.2,12.5,4.5,30.4,2.8,10.1,350.6,4.3,0.2,105.2,3.2,4.2,21.8,,6.4,105,11.5,41.3,18.2,18.6,14,5.5,27.5,3.8,9.8,422.1,4.7,0.3,130,3.9,3.2,29.3,,4.4,121.8,3.5,57.6,30.8,49.8,24.6,10.3,23.5,3.3,6,,,,,,,,,,,,,,,,,,,,,,,,,,,,,,,,,,,,,,,357.8,5.4,0.1,114.8,3,3.8,22.4,,9.3,99.7,3.5,48.4,23.5,27.3,12.9,5.1,31.6,6.6,9.8,390.9,3.6,0.3,123.7,3.8,3.2,24.6,,10.8,123.8,3.8,66.1,29,30.7,10.9,2.3,36.7,10.2,11.8
"2011",,,,,,,,,,,,,,,,,,,,400.4,10.4,4,107.7,14.6,16.3,23.7,,16.2,87.2,7.9,20.7,38.7,31,16.7,10,52.7,10.5,25.9,368.9,17.2,0.2,103.6,5.4,3,19.4,,19.5,86.3,6.9,36.1,20.4,26.2,13.7,4.4,21.5,4.9,5.2,338.6,7,0.8,105.1,14.2,9.1,19.7,,3.9,83.7,1.5,20.4,29.7,41.5,13.2,5.9,43.2,3.6,18.2,463.5,7.4,1,95.9,8.4,3.6,28.2,,24.7,181.9,17.9,61.3,49.1,47,11.7,4.3,17.7,6.1,1.5,,,,,,,,,,,,,,,,,,,,369.1,8.3,0.2,118.5,3.1,3.8,32.1,,10.7,90.4,3.3,47,17.4,29.9,14.9,6.2,33.3,6.2,9.4,577,16.6,2.6,74.3,5.8,5.8,7.3,,86.8,141.3,19,71.6,31.7,46.5,57.4,33.9,61.3,14.7,4.8,479.5,13.9,0.1,116,2.2,4.5,31.9,,14.4,135.2,11.6,65.4,21.6,43.9,19.2,10.4,52.1,11.2,11.4,,,,,,,,,,,,,,,,,,,,462.8,9.5,2.2,117.8,16.1,5.3,14.1,,16.9,120.5,15.3,34.8,41,41.1,34.7,21,43.1,12.2,11.2,502.3,13.7,2.2,86.4,11.8,4.3,10.8,,18.3,159.9,18.3,79.9,36.3,55.6,25.8,6.2,66.6,13,4.4,402.1,8.1,1.3,91.8,12.7,5.2,6.5,,14.9,117.8,14.9,54.4,26.5,32.4,30,14.4,45.9,12.5,6.7,,,,,,,,,,,,,,,,,,,,404.3,4.1,0.3,118.2,5.1,4.8,23.4,,13.8,143,14.9,66.8,22,19.6,17.9,10.8,31.6,5.6,11.4,425.9,9.4,0.2,124.9,3.5,4,32.5,,5.8,109.4,3.1,32.8,24,37.5,19.5,7.8,41.1,7.6,15.4,538.1,6.9,0.3,142.3,5.7,4,29.4,,11.4,243.8,9.8,122.7,48.9,28,25.3,13.5,40.9,7.5,12.2,451.8,6.5,0.2,141.4,3.7,3.6,33.7,,11.6,102.1,6.6,35.3,26.2,45.2,22.9,10.1,26.2,3.5,8.4,583.5,8,2.2,140.8,11.4,3.2,25.7,,6.2,270.8,62.1,126.9,41.4,16.6,24.8,13.8,71.2,8.2,13.1,422.2,3.4,0.4,102.9,4.3,3.7,19.2,,4.3,149.4,7.4,81.4,31.2,16.2,24.7,14.2,50,5.5,14.8,370.7,7.5,0.4,121.3,3.6,6.4,26.8,,6.8,78.5,4.4,21.3,17.9,19.3,16.6,8,36.1,5.9,12.9,416.8,8,0.2,120.5,5.3,4.1,25.4,,10.3,143.6,12.8,55.2,24.6,27,21.6,10.2,24,4.7,8.8,415.2,3.6,0.3,112.7,5.1,1.1,28.6,,4.2,161.5,5,47,47.8,34.1,11.1,4,24.8,10.8,3.4,669.5,3.6,0.8,182.8,9.1,4.4,49.6,,13.6,298.9,30.9,153.9,62,33.9,43.6,27.6,45.6,7.5,18.3,361.1,2.5,0.1,119.4,4.2,2.8,28.7,,3.2,112.2,3.6,58.3,24.6,28.9,8.7,1,29.2,4.7,8.1,418.9,3.6,0.4,134.7,5,4.1,29.1,,6.5,126.5,4,65.6,26.6,45.6,16,6.6,32.6,4.1,11.6,364.4,7.5,0.3,120,6.9,7.1,25,,11.9,115.7,13.6,40.4,30.2,21,14.6,6.5,21.8,6.7,5.1,711,9.7,2.6,149.4,11.7,3.6,25.5,,10.8,349.5,19.7,183.3,92.6,20,29,14.9,70.6,8.6,17.1,711.4,12.2,5.2,144.6,11.8,3.3,24.9,,4.9,341.9,8.4,213.5,81.4,21.4,42.4,25.4,97.5,10.4,28,392,9.4,0.2,119.3,4.8,4.6,24.4,,5.7,119.6,3.1,34.7,27.2,29.5,18.5,8.7,34.7,5.7,8.4,399.2,6.1,0.1,137.9,4.5,2.5,34.8,,7.6,102.3,3.1,28.1,22.2,35.5,14.6,3.4,22.2,3.5,8.3,394.8,8.1,0.3,118.1,3.8,2.4,25.4,,6.4,106.9,3.6,43.3,26.1,34.5,12,3.1,35.5,4.1,11,576.6,5.4,1.2,146.4,8.2,3,35.8,,9.8,236,7.7,65.8,49.8,29.2,27.3,13,49.2,11.3,13.4,423.7,11.5,1,118.9,11,4.7,18.6,,16.6,111.3,5.9,26.7,45.9,40.6,20.4,10.1,25.2,7.7,6.6,,,,,,,,,,,,,,,,,,,,444.1,1.8,0.4,144.6,9.2,4.9,29.4,,6.3,150.8,11.3,45.9,38.7,24.5,28.3,17.5,49.3,6.8,15.1,364.4,6.9,0.3,116.3,5.9,5.4,25.4,,8,97,6.9,31.1,23,33.7,19,7.8,19.5,4.3,5,379,7.7,0.2,106.5,3.2,2.9,18.6,,8,127,5.8,54.5,26.7,22.2,12,4.2,30,3,10,343.9,4.5,0.1,104.5,3.5,4.2,21.6,,6.1,99,12.1,37.6,16.9,18.5,13.7,5.1,27.4,3.5,10,407,4.9,0.3,129.1,3.7,3.4,28.9,,4.1,107.4,3.4,52.2,25.9,49.1,23.3,10.2,24.2,2.9,6.3,,,,,,,,,,,,,,,,,,,,,,,,,,,,,,,,,,,,,,,357.8,6,0.1,113.5,3.1,4,22.1,,9.8,97.6,3.5,47,23,27.7,12.7,5,31.5,6.6,9.7,399.9,4.1,0.2,124.5,4.4,3.5,24.2,,11.5,123.3,4.2,65.1,30.1,32.3,11.6,2.6,38.5,7.5,10.9
"2012",,,,,,,,,,,,,,,,,,,,395.6,10.4,3.9,106.1,13.4,16.2,23.7,,16.5,85.6,7.7,21,37.1,33.2,16.2,9.7,49.2,10.4,22.6,370.5,18.5,0.2,105.2,4.9,3.4,18.3,,19.6,81.8,6.5,32.5,20.2,27,13,4,19.6,4,5.4,322.5,6.8,0.7,103.3,13.6,8.5,19.5,,3.8,81.1,1.5,19.8,28.1,40.3,12.9,5.7,32.4,3.4,16.6,457.1,8,0.9,95.4,8,3.5,28.7,,23.2,174.3,20.8,54.1,44.7,44.4,11.9,4.4,17.9,5.5,1.9,,,,,,,,,,,,,,,,,,,,365.9,8.4,0.1,118,3,4.1,31.9,,10.2,88.5,3.2,46.1,16.7,29.1,14.7,6.2,34.6,6.7,9.8,570.4,16.3,2.3,73.8,5.7,5.9,6.7,,88.3,140.1,18.5,71.8,31.1,45.7,57,33.4,58.9,14.7,4.5,475.1,13.6,0.1,114.7,2.2,4.7,31.2,,14.1,132.9,11.8,63.5,21.1,42.5,19.2,10.7,52.3,11.4,11.6,,,,,,,,,,,,,,,,,,,,464.3,10.6,2.3,117.4,16.2,5.7,13.9,,17.6,122.3,17.1,36.8,40.6,43.7,34.5,21.2,39.9,11.6,10,496.2,14.1,2.3,87.7,11.8,4.5,10.5,,18.7,159.1,18.4,81.8,35.4,54.8,25.8,6.2,64.5,13.8,4.5,396.3,7.7,1,90.2,13.8,5.4,6.2,,14,118.5,16.4,55.6,26.2,32.8,27.9,13.2,43.9,14,6.3,,,,,,,,,,,,,,,,,,,,406.9,3.8,0.3,117.7,5.2,5.3,23.4,,13.7,144.7,16.6,66.5,22.8,18.7,17.9,11.4,31.8,5.6,10.9,431,9.9,0.2,121.1,3.5,3.9,30.1,,6.2,107.3,2.9,31.4,23.6,38.8,20.4,8.4,40.3,6.3,14.8,531.2,8,0.2,140.1,5.8,3.9,28.8,,10.7,238.5,9.8,120,47,27.8,24.5,12.9,39.5,7,12.4,440.8,6.9,0.2,141.1,3.9,3.7,34.5,,10.9,99.7,6.1,34.2,25.3,43.9,20.5,9.4,24.5,3,9.2,579.6,7.6,1.8,139.7,11.1,3.6,26.8,,5.3,266.8,66.9,124.7,34,16.9,24.3,13.2,72.9,6.3,13.9,419.5,2.5,0.3,102.3,3.9,4.1,19.1,,4.4,145.8,8,78.5,31.3,15.3,24,14.6,46.6,4.2,14.2,371,7.3,0.3,119.3,3.5,6.4,26.6,,6.8,77.2,4.5,20.8,17.6,20.2,16.3,7.8,34.3,5.2,11.9,412.9,8.5,0.2,118.2,5.2,4.1,25.3,,10.2,142.6,13.3,54.4,23.8,26.1,20.9,9.9,23.1,4.3,8.5,420.4,4.1,0.5,117.2,5.3,1.2,29.8,,4.2,160.4,5.6,47.6,47.9,34.8,11.3,3.8,24.2,9.6,3.6,664.7,5.1,0.8,182.9,9.1,4.5,50.3,,13.9,297,31.9,152.1,60.3,33.8,39.7,23.9,44,7,17.4,343.4,3.9,0.1,113.7,3.6,3,29.2,,4.1,103.6,4.3,52.4,20.5,23.9,9.8,2.8,29.1,4,10.5,416.2,3.4,0.4,130,4.6,3.6,27.5,,7.2,125.9,4.3,64.6,24.9,44.7,17.4,7.4,30.1,3.4,11.3,364.8,8.2,0.2,119,6.8,7.1,24.3,,11.7,115.4,14.2,39.3,29.5,21.5,14.6,6.4,21.1,6,5.3,706.2,10.3,2.1,149.1,11.6,3,25.1,,10.9,351.7,20,180.3,97.7,18.9,28,14.2,72.7,8.7,17.8,695.8,13.4,6.3,140.2,11.8,3.3,24.4,,5.3,335,9.1,211.1,78.9,21.2,42.4,23.9,96.8,11.7,25.7,372.4,8.7,0,116.4,3.9,5,27,,5.6,110.6,2.8,29.6,24.3,25.2,19,9.6,30.6,4.5,7.8,402.4,6.3,0.1,136.1,4.2,2.6,33.2,,7.7,100.1,2.9,26.9,21.7,37.3,14.4,3.4,23.3,3.4,8.7,390.7,8.5,0.2,115.4,3.4,2.6,24.6,,6.8,106.4,3.3,41.7,25,35.7,12.2,3.1,30.7,3.4,9.2,574.9,4.3,1.1,147.2,8.2,3.1,35.7,,10.1,240.1,6.2,62.4,47.2,28.2,27,13.3,47.9,9.7,13.8,427,11.2,0.9,117.2,10.7,4.6,18.2,,17,111.2,6.7,25.7,45.4,44.6,19.7,9.5,23.4,5.8,6.8,613.8,2.4,0.2,152.9,7.8,4.2,26.2,,11.2,258.8,18.4,150.4,60.1,34.5,40.1,23.1,47.7,7.5,8.7,440.7,2.3,0.3,141.7,8.5,5.3,29.1,,6.9,149.7,11.1,44.6,38.6,26.6,28.9,18.2,46,6.6,15.5,360,6.6,0.3,114.3,5.9,5.4,25.3,,7.6,95.3,6.9,29.9,22.4,35.4,18.3,7.3,18.6,3.8,5.6,381.6,8.5,0.1,106.3,2.9,3.3,18,,8.1,125.7,6,52.9,25.8,23.3,12.7,4.8,30.3,3.1,10,344,4.2,0.1,102.1,3.2,4.5,20.5,,6,99.5,12.5,37.9,16.4,18.8,14,5.5,26.9,3.6,9.8,408.9,4.5,0.3,128.7,3.6,3.7,28.4,,4.1,106.5,3.6,50.9,25.3,50,22.5,9.5,23.4,2.7,6.3,,,,,,,,,,,,,,,,,,,,,,,,,,,,,,,,,,,,,,,346.2,5.7,0.1,109.4,3,4.1,21.4,,9.5,91.2,3.5,42.4,21.5,28.2,12.4,4.8,31.2,6.1,10.3,386.8,4.1,0.1,121.4,4.2,3.5,22.9,,10.4,117.8,3.9,61.6,28.1,32.2,11,2.7,35,8.6,12.1
"2013",,,,,,,,,,,,,,,,,,,,374.9,9.3,3.4,103.5,12.6,15.6,23.2,,14.7,78.4,6.5,18.5,34.6,30.8,15.4,9.2,47.4,9.4,22.5,358.1,17.3,0.1,102.8,4.6,3,18.5,,19.4,79,6,31.1,18.5,25.2,12.4,4,18.8,4.3,4.6,315.3,6.3,0.6,101.9,13.2,8.1,19.4,,3.5,77.3,1.4,18.7,26.5,39.3,12.6,5.6,31.3,3.1,16.3,490,8.7,0.8,101.7,9,3.9,30.4,,22.4,195.1,25.2,75.7,49.1,48.2,12.9,4.7,25.9,8.8,2.3,,,,,,,,,,,,,,,,,,,,364,7,0.2,115.8,3,4.3,30.7,,9.9,87.9,3.9,44.8,16.4,29.6,15.2,6.4,34.2,6.1,9.8,561.6,16.5,2.3,71.5,5.4,5.9,6.6,,87,138.4,18,71.9,30.1,47,56.4,33,54.7,13.4,4.7,476,13.7,0.1,112.6,2.2,4.8,30.2,,14.2,132.6,12.3,62,20.8,44.2,19.4,10.9,52.2,10.9,11.6,,,,,,,,,,,,,,,,,,,,455.2,11.7,2.2,114.9,15.1,5.2,14.3,,16.9,120.6,18.7,34.9,39.3,43,34.5,20.6,39.4,11.7,9.3,488.8,14.4,2.3,88.3,11.8,4.5,10.5,,17.5,156.6,17.8,81.2,35.2,56.4,24.2,6.1,61.3,14,4.3,390.9,7.7,0.8,90.1,12.3,5.5,5.8,,14.3,109.8,11.7,53,25.1,32.8,28.8,14.4,40.8,12.3,6.3,,,,,,,,,,,,,,,,,,,,399.6,4.3,0.4,114.2,4.8,5.2,23,,12.9,143.3,17.2,64.8,22.3,18.9,17.6,10.9,29.6,4.4,10.7,421.3,10.7,0.2,119.7,3.1,4,30.4,,5.7,104,3,29.9,22.8,38.6,19,7.8,38.3,6.3,13.7,524.1,7.1,0.4,136.2,5.6,4.1,27.2,,16.8,227.1,12.5,121.6,44.5,32.1,24.8,13.2,37.8,6.6,12.2,433,7.6,0.2,135.7,3.3,3.8,33.2,,10.9,95.2,6.4,31.8,24.8,45,19.5,8.4,23.7,3.3,8.4,554.4,7.2,1.4,136.4,11,3.5,25.5,,5.4,257.8,68.4,107.9,38.4,18.6,25.7,14.5,61.1,6.2,12.6,406.3,2.5,0.2,101.6,4.1,3.8,19.1,,4.4,137.1,8.6,72.2,30.2,14.2,24.1,14.8,44.9,4.7,14.3,362.4,6.6,0.3,116.3,3.5,6.4,25.9,,6.6,74.1,4.7,19.8,16.9,19.4,15.6,7.3,32.5,4.5,11.7,425.9,8.6,0.2,119.7,5,4,25.6,,10.4,145.5,14.6,54.8,23.9,28.6,21.2,10.2,23.7,4,8.7,397.3,4.1,0.3,118,5.5,1.1,30.8,,5,146.5,6.8,45,43.8,32.4,11.7,4.1,23.4,8.7,3.9,640.3,4.9,0.6,178.2,8.4,4.5,48.1,,12.5,286.4,33.3,145.5,58.2,34.6,36,20.8,40.7,6.4,15.3,370.5,2.9,0,111.2,3.5,4.3,25.8,,5.8,107.5,5.6,52.2,20.3,26.8,11.7,2.3,34.9,6,13.5,409.2,3.5,0.3,129,4.5,4.4,27.2,,7.4,122.2,3.7,61,24.5,43.6,15.3,6.2,28.3,3.6,9.9,347.8,8,0.2,115.1,6.3,6.7,23.7,,11,108.3,13.4,36.5,27.2,20.1,13.7,5.9,20.7,5.3,5.2,690.8,13.3,3.3,148,11.9,3.7,25.1,,10.4,345.1,22.6,171.8,97.1,22.6,30.2,14.3,68.6,8.6,15.4,694.2,13.5,5,137.5,11.1,2.9,23.7,,5.3,328.7,9,205.4,80.1,24.7,45.2,25.9,96.2,9.4,30.9,358.6,8.1,0,108.7,3.6,6.4,21.7,,7.1,102.7,5,34,21.3,24.7,15.7,8.1,30.6,4.8,5.5,393.5,8.4,0.1,129.5,4,2.4,32.2,,7.6,97.3,3.7,24.9,23.4,31,12.3,3.3,23,2.8,9,381.2,8,0.2,111.4,3.4,2.6,23.9,,5.9,97.5,3.7,37.7,22.3,33.7,11.1,3.4,32.6,4,9.7,565,3.2,0.9,143.4,7.9,2.9,35,,10.4,233.3,5.7,56,43.7,31.7,26.4,12.5,45.4,9.3,13.5,414.4,11.2,0.9,116.1,10,4.8,19.6,,15.6,105.2,6.9,25.2,40.5,40.1,19.5,9,24.1,5.9,6.7,596.1,3.9,0.3,155.9,8.1,4.8,25.9,,8.9,258.2,14.4,151.8,54.3,34.3,34.5,19.3,43,5.9,9.2,432.5,2.4,0.2,143.7,8.2,6.1,27.3,,6.9,144.3,12.5,41.8,36.4,25,26.4,16.3,42.7,6.4,15.8,341.6,6.1,0.3,112.2,5.7,5.4,24.9,,7,89.6,7.3,28.3,20.6,31.2,17.5,7,19,3.8,6.1,373.7,8.6,0.2,105.2,3.1,3.5,18,,8.1,120.6,7.3,49.5,24.4,22.9,12.1,4.2,31,2.7,10.7,340.6,4.2,0.1,100.7,3.6,4.5,20.4,,6.3,96.1,12.3,35.5,16.6,19.7,13.3,4.9,26.8,3.1,9.9,407.4,4.7,0.3,126.3,3.6,3.9,28,,4,104.3,3.5,49.9,24.5,51.3,22.2,9.5,24.5,2.5,6.6,,,,,,,,,,,,,,,,,,,,,,,,,,,,,,,,,,,,,,,339.3,6.2,0.1,108.9,3.1,4.1,21,,9.5,87.8,4,40.7,20.2,26.3,12.7,5.4,30.1,5.7,10.2,377.1,4,0.1,121.3,3.9,3.6,22.7,,10.4,111.6,4.5,57.7,25.5,30.7,11.1,2.3,32.3,7,11
"2014",,,,,,,,,,,,,,,,,,,,358.8,9,3.3,100.7,11.7,15.2,22.5,,13.5,75,6.5,18.4,31.6,31.1,15,8.9,43.8,8.7,21.3,353.1,18.5,0.1,101.9,4.4,3.3,19,,19.6,76.3,6.5,29.4,17.9,26.1,11.4,3.7,18.5,3.8,4.7,307.8,6.1,0.6,100.5,12.6,7.7,19.1,,3.4,74.5,1.3,18,25.1,37.9,12.3,5.4,30,2.9,15.5,503.6,9,0.7,100.4,9,3.8,29.8,,20.5,200.8,23,80.2,49.2,53.1,13.1,4.6,25.9,8.3,2.1,,,,,,,,,,,,,,,,,,,,,,,,,,,,,,,,,,,,,,,565.6,14.5,2.1,72.7,5.5,5.9,6.6,,90.7,142.4,20.2,74,30.1,49.1,54.9,32.3,51.6,13.2,5,474.3,13.5,0.1,111.3,2.2,4.8,29.3,,14.1,131.6,12.4,60.2,21,43.3,19.6,11.1,53.4,10.8,12,,,,,,,,,,,,,,,,,,,,451.1,12,1.7,113,14.8,5.6,14,,18.1,117.8,22.3,35.3,36.2,42.3,34,20.5,39.4,10.9,9.5,491.1,13.6,2.3,89.6,11.8,4.3,10.8,,17.2,159.5,19,83.2,34.6,58.2,23.7,6.3,57.7,14.2,4.4,394.4,7.8,0.9,88.9,12,5.2,5.6,,13.8,112.9,11.9,56.7,25.4,34.6,28.5,14.2,43.5,13.2,5.4,,,,,,,,,,,,,,,,,,,,386.3,3.9,0.4,115,4.5,5.1,23.7,,13.8,135.5,17.1,60.7,20.8,17.2,16,10.1,29.5,4.3,11.2,396.3,8.9,0.2,116.3,3.1,3.9,30,,5.4,97,2.8,27.6,21.7,33.5,17.7,7.9,36.8,5.7,13.5,496.6,7.9,0.2,133.4,5.4,4,26,,15.3,208.4,11.5,110.4,39.7,28,23.8,12.8,37.2,6.9,11.2,416.4,6.6,0.1,133.5,3.7,4.2,33,,10.4,89,5.9,28.7,23.7,40.7,19,8.6,23.5,3.1,8.7,551.2,6.9,1.2,140.4,11.5,3.1,26.9,,5.5,249.6,75.3,101,29.2,20,25.7,15,60.4,6.7,15.2,401.3,2.5,0.2,98.7,3.4,3.9,18,,4.3,133,9.8,69.2,29.3,13.5,23.3,14.1,42.4,4.7,12.8,347.8,6.1,0.3,116.6,3.4,6.3,26.4,,6.2,70.9,4.5,18.8,16,18,15.2,7.1,31.2,4.5,10.7,405.9,8.2,0.2,116.9,4.9,4,25.2,,9.5,135.6,13.4,50.5,22,25.3,20,9.6,23.4,3.9,8.8,393.1,10.6,0.2,117.4,5.1,5.6,30.9,,5.9,138.8,9.6,45.4,40.2,36.1,11.9,4.8,23.2,8.6,4,629.7,4.3,0.5,176.2,8.1,4.8,48.1,,12.2,281.5,32.8,143.2,55.7,33.8,36,21.5,38.8,6.6,14.2,343.8,4.6,0,115.9,3.6,4.6,26,,4.6,100,5.5,47.7,19.4,24.1,9.6,1.9,28.2,2,12.2,394.1,3.9,0.3,127.6,5.2,4.6,27.5,,6.1,111.5,3.3,55.2,22.6,42.6,14.2,5.1,28.2,3.4,10.1,336.8,7.9,0.2,113,6.1,6.7,23.1,,10.4,104.3,13.1,34.5,26.1,19.4,13.2,5.8,19,5.1,5,671.9,11.2,2.3,147.3,11.1,3.7,23.8,,11.4,334.2,21.9,164.7,95,17.9,27.9,14.1,73.5,11.1,16,663.9,13.9,5.3,138.6,12.2,3.4,24,,4.6,311.1,9.9,196,73.6,18.8,41,22,89.6,10.1,26.1,348.6,5,0.1,112.6,4.9,5,27.4,,8.6,97.6,3.6,30,17.9,22.3,16.8,8.5,28.7,4.8,9.8,387.5,8.2,0.1,130.7,3.9,2.8,32.5,,7.2,95.2,3.5,23.5,23.2,26.6,12,3.4,24.3,2.8,8.9,366.9,7.3,0.1,111.8,3.1,2.3,23.5,,5.7,92.7,3.6,34.4,21.2,30.9,10.9,2.7,31.8,3.1,9.4,536.2,3.1,0.9,143.1,7.8,2.9,35,,9.2,216.4,5.1,51.2,40.3,27.2,24.1,11.8,42.9,8.9,13,399.4,10,0.9,115.4,9.9,5,18.7,,14.2,107.9,6.9,28.3,38.1,38,18.9,8.5,27.3,6.2,7.9,576.1,4.3,0.4,154.2,7.4,4.8,24.6,,9.8,239.2,13.7,137.7,54.5,30.1,34.4,19.5,42.7,7,8.1,405.1,3,0.4,135.4,7.8,5.3,29,,5.9,143.5,12.6,39,36.6,20.7,22.6,13.7,36.2,5.2,13.7,337.7,6.2,0.3,109.3,5.5,5.2,24.1,,7,87.2,7.2,27,19.9,31.4,16.9,6.6,18.8,3.6,6.2,363,7.7,0.1,104.1,3,3.4,17.7,,7.6,115,7.4,46.8,23.1,20.7,12.5,4.8,31.3,2.6,9.9,323.3,4,0.1,98.5,3.4,4.3,20.1,,5.5,90,11.8,32.7,14.9,17.6,12.6,4.8,25,2.8,9.2,396.7,4.5,0.3,124.7,3.4,3.9,27.7,,4.3,99,4.1,46.5,23.4,46.2,21.8,9.5,25.3,2.8,6.6,,,,,,,,,,,,,,,,,,,,,,,,,,,,,,,,,,,,,,,342.4,6.1,0.1,106,2.8,4.5,20.5,,9.3,88,3.9,40.4,20.1,28.1,12.5,5.2,32.2,5.4,11.2,,,,,,,,,,,,,,,,,,,
"2015",,,,,,,,,,,,,,,,,,,,351.4,9,3,96.9,10.7,14.3,21.5,,12.9,73,6.1,18.1,29.9,33.6,14.9,8.9,41.6,8.3,20.2,359.1,19.4,0.1,100.4,4.6,3.2,18.2,,19.8,76.7,6.5,28.9,18.3,27.1,12,4,18,4.3,4.1,302,5.9,0.5,98.5,12,7.3,18.8,,3.2,71.9,1.2,17.1,24,37.7,12.2,5.3,28.4,2.9,14.5,501.1,10.5,0.7,97.8,8.5,3.8,29.1,,20.1,199.5,19.3,81.2,48.4,55.1,12.7,4.6,23.8,8.5,1.9,,,,,,,,,,,,,,,,,,,,,,,,,,,,,,,,,,,,,,,568,13.7,1.9,72.5,5.6,5.9,6.5,,91.6,144.7,20.1,76.2,30,47.1,56.5,32.3,52.5,13.1,4.9,481.4,13.5,0.1,109.4,2.1,4.9,28.1,,14.4,133.6,13.1,59.5,21.6,44,20.1,11.4,57.1,11.4,12.3,,,,,,,,,,,,,,,,,,,,443.4,11.4,1.9,112.7,14.8,5.6,13.7,,19.5,114.8,22,35.3,34.4,38.9,33.9,20.9,39.4,10.6,9.6,497.4,13.4,2.2,89.2,11.6,4.2,10.7,,17.4,162.3,20.4,84.1,35.2,60.3,24.2,6.4,57.3,15.1,4.7,,,,,,,,,,,,,,,,,,,,,,,,,,,,,,,,,,,,,,,397.6,4.3,0.3,111.5,4.4,5.2,23.1,,14.9,141.6,18.3,62.1,21.1,20.3,16.2,10.4,30.8,4.6,10.2,406.8,7.9,0.2,114.9,3.1,4.1,28.5,,5.1,99.2,3,27.5,21.5,38,19.1,8.4,37.4,5.5,13.3,509,8.8,0.3,129.4,5.1,3.8,25.4,,15.8,213.1,12.1,110,39.5,33.1,24.2,12.7,36.9,7.1,10.2,414.8,6.8,0.1,130.7,3.4,3.9,31.5,,10.6,90.4,6.8,28,24.1,42.1,17.8,7.5,21.7,3.2,7.6,529.6,6.1,1,139,10.5,3.9,25.2,,4.7,234.8,76.9,91.5,25.8,17.6,27.9,17.2,52.9,5.8,12.4,388,1.9,0.2,98.6,3.8,4,18.2,,4.1,128.5,10.8,66.6,27.8,13.6,20.9,12.4,39.3,4.6,11.7,,,,,,,,,,,,,,,,,,,,420.1,8.8,0.2,116.2,4.7,4.1,25,,10,139,14.6,51.9,22.1,28.7,20.3,9.8,23.8,3.8,8.5,408,11.1,0.2,117,5.4,5.8,30.5,,6.4,138.8,10.5,45.2,39.5,39.6,11.6,4.5,27.7,11.6,3.7,644.6,4.8,0.6,174.2,7.7,4.5,47.5,,13,288.4,36.5,144.3,55.2,40.8,35.5,20.6,39.3,7.2,13.7,354.6,3.2,0.2,108.6,3.7,3.6,22,,3.8,108.6,3.4,46.1,22.2,23.3,12.3,2.9,31.3,4.5,11.3,,,,,,,,,,,,,,,,,,,,351.9,9,0.2,111.9,6,6.4,23.1,,11.2,110.1,14.3,35.4,27.3,22.2,13.4,5.6,19.2,5.1,4.7,658.4,11.6,3.3,144.2,11.7,3.4,22.3,,10.3,327.2,21,160.5,97.1,17.3,29,15.1,67,10.2,15.5,676.2,14.6,4.5,143.7,11.6,3.6,23.8,,5.4,319.2,9.3,203.3,75.2,22.2,41.4,21.7,84.8,8.9,25.2,345.5,5.9,0.1,103.9,3,4.1,23.2,,6.8,92.9,5.1,27.3,18.5,26.2,15.4,7.6,30.3,3.8,9,388.4,8.6,0.1,128.6,3.8,2.9,31.1,,7,94.1,3.4,22.8,22.6,30.6,11.9,3.5,24,2.9,8.9,361,7.2,0.1,108.1,3.2,2.8,22.9,,5.4,90.8,3.3,34.8,20.1,33.8,11.2,3.1,29.7,2.8,9.8,547.4,3.1,0.9,146.1,7.7,2.9,35.1,,10.8,223.8,5.5,51.1,38.5,31.5,23.2,12.1,39.2,8.2,11.9,,,,,,,,,,,,,,,,,,,,,,,,,,,,,,,,,,,,,,,417.8,3,0.3,140.8,7.6,5.6,28.9,,6.6,143.3,11.7,42.7,35.5,23,19.5,11.5,40.2,6,14.3,347.4,6.7,0.2,108.1,5.4,5.2,24.1,,7.2,89.4,7.6,27.2,20,35.7,17.5,6.7,18.5,3.7,5.6,369.7,8.6,0.1,103.3,2.7,3.3,17.3,,8,113.2,7.4,45.4,21.6,23.7,12.5,4.6,33.1,2.7,10.1,333.8,4.2,0.1,98.9,3.1,4.5,19.9,,5.9,90.2,11.7,32,15,20.5,12.6,5,25.9,2.8,9.7,409,4.8,0.3,123.4,3.2,3.9,26.9,,4.3,99.7,4.2,46.3,23.5,51.2,22.3,9.8,26,2.5,6.7,,,,,,,,,,,,,,,,,,,,,,,,,,,,,,,,,,,,,,,344.4,6.2,0.1,107.3,2.8,4.6,20.5,,9.7,85.6,3.9,38.4,19.5,28,12.5,5.4,32.9,5.2,11.6,,,,,,,,,,,,,,,,,,,
"2016",,,,,,,,,,,,,,,,,,,,549.4,15.5,4,153,16.2,21.5,35.1,4.8,19.2,118.1,10.6,28.7,45.8,57.5,23.4,13.3,55.2,10.1,25.6,,,,,,,,,,,,,,,,,,,,,,,,,,,,,,,,,,,,,,,,,,,,,,,,,,,,,,,,,,,,,,,,,,,,,,,,,,,,,,,,,,,,,,,,,,,,,,,,,,,,,,,,,,,,,,,,,,,480.2,12.9,0.1,107.2,2.1,4.9,26.5,,14.3,131.8,13.5,57.9,21.4,42.6,19.9,11.3,62.1,12.1,12.5,,,,,,,,,,,,,,,,,,,,,,,,,,,,,,,,,,,,,,,,,,,,,,,,,,,,,,,,,,,,,,,,,,,,,,,,,,,,,,,,,,,,,,,,,,,,,,,,381.1,4.3,0.2,108.9,4.1,4.4,23.1,,14,130.9,16.9,58,18.6,19.4,15.8,9.9,28.4,4,9.7,,,,,,,,,,,,,,,,,,,,486.1,9,0.2,129.2,4.7,3.8,25.2,,15.6,195,12,96,35.4,31.2,23.1,12.4,35.1,6,10,,,,,,,,,,,,,,,,,,,,,,,,,,,,,,,,,,,,,,,,,,,,,,,,,,,,,,,,,,,,,,,,,,,,,,,,,,,,,,,,,,,,,,,,,,,,,,,,,,,,,,,,,,,,,,,,,,,616.1,4.1,0.4,172.4,7.9,4.4,47.5,,12.9,274.1,38.7,135.4,47.1,34.4,34.2,19.6,37,6.9,12.7,365.9,2.1,0,118.2,2.6,3.5,27.6,,5.2,101,5.8,42.6,17.7,28.1,8.5,2.2,36.5,5.4,11.2,,,,,,,,,,,,,,,,,,,,,,,,,,,,,,,,,,,,,,,,,,,,,,,,,,,,,,,,,,659.8,15.6,4.3,141.1,11.3,4,22.6,,5,309,9.1,195.4,72.9,21.4,42.7,22.6,80,7.3,22.9,,,,,,,,,,,,,,,,,,,,385.3,7.6,0.1,128.6,3.5,3.2,31,,7.1,89.9,3.2,21.3,21.8,28.7,12,3.6,24.7,2.9,8.9,,,,,,,,,,,,,,,,,,,,,,,,,,,,,,,,,,,,,,,,,,,,,,,,,,,,,,,,,,,,,,,,,,,,,,,,,,,,,,,,,,,,,,,,,,,,,,,,,,,,,,,,,,,,,,,,,,,361.3,7.1,0.1,101.1,2.7,3.4,17.2,,7.9,109,7.6,42.8,20.8,22.8,12.7,4.9,30.6,2.4,9.7,,,,,,,,,,,,,,,,,,,,,,,,,,,,,,,,,,,,,,,,,,,,,,,,,,,,,,,,,,,,,,,,,,,,,,,,,,,,,,,,,,,,,,,,,,,,,,,,,,,,,,,,,,,,,,,,,,
"2017",,,,,,,,,,,,,,,,,,,,557.3,15.6,3.3,153.9,15.7,20.9,35.1,4.9,17.9,119.6,11.3,27.8,44.4,63.7,23.7,13.3,53,9.8,24.3,,,,,,,,,,,,,,,,,,,,,,,,,,,,,,,,,,,,,,,,,,,,,,,,,,,,,,,,,,,,,,,,,,,,,,,,,,,,,,,,,,,,,,,,,,,,,,,,,,,,,,,,,,,,,,,,,,,,,,,,,,,,,,,,,,,,,,,,,,,,,,,,,,,,,,,,,,,,,,,,,,,,,,,,,,,,,,,,,,,,,,,,,,,,,,,,,,,,,,,,,,,,,,,,,,,,,,,,,,,,,,,,,,,,,,,,,,,,,,,,,,,,,,,,,,,,,,,,,,,,,,,,,,,,,,,,,,,,,,,,,,,,,,,,,,,,,,,,,,,,,,,,,,,,,,,,,,,,,,,,,,,,,,,,,,,,,,,,,,,,,,,,,,,,,,,,,,,,,,,,,,,,,,,,,,,,,,,,,,,,,,,,,,,,,,,,,,,,,,,,,,,,,,,,,,,,,,,,,,,,,,,,,,,,,,,,,,,,,,,,,,,,,,,,,,,,,,,,,,,,,,,,,,,,,,,,,,,,,,,,,,,,,,,,,,,,,,,,,,,,,,,,,,,,,,,,,,,,,,,,,,,,,,,,,,,,,,,,,,,,,,,,,,,,,,,,,,,,,,,,,,,,,,,,,,,,,,,,,,,,,,,,,,,,,,,,,,,,,,,,,,,,,,,,,,,,,,,,,,,,,,,,,,,,,,,,,,,,,,,,,,,,,,,,,,,,,,,,,,,,,,,,,,,,,,,,,,,,,,,,,,,,,,,,,,,,,,,,,,,,,,,,,,,,,,,,,,,,,,,,,,,,,,,,,,,,,,,,,,,,,,,,,,,,,,,,,,,,,,,,,,,,,,,,,,,,,,,,,,,,,,,,,,,,,,,,,,,,,,
"2018",,,,,,,,,,,,,,,,,,,,582.5,17,3.2,154.3,15.1,20.7,34.8,4.8,17.1,122.7,11.8,28.3,44.7,73.6,24.2,13.4,54.7,9.1,26.6,,,,,,,,,,,,,,,,,,,,,,,,,,,,,,,,,,,,,,,,,,,,,,,,,,,,,,,,,,,,,,,,,,,,,,,,,,,,,,,,,,,,,,,,,,,,,,,,,,,,,,,,,,,,,,,,,,,,,,,,,,,,,,,,,,,,,,,,,,,,,,,,,,,,,,,,,,,,,,,,,,,,,,,,,,,,,,,,,,,,,,,,,,,,,,,,,,,,,,,,,,,,,,,,,,,,,,,,,,,,,,,,,,,,,,,,,,,,,,,,,,,,,,,,,,,,,,,,,,,,,,,,,,,,,,,,,,,,,,,,,,,,,,,,,,,,,,,,,,,,,,,,,,,,,,,,,,,,,,,,,,,,,,,,,,,,,,,,,,,,,,,,,,,,,,,,,,,,,,,,,,,,,,,,,,,,,,,,,,,,,,,,,,,,,,,,,,,,,,,,,,,,,,,,,,,,,,,,,,,,,,,,,,,,,,,,,,,,,,,,,,,,,,,,,,,,,,,,,,,,,,,,,,,,,,,,,,,,,,,,,,,,,,,,,,,,,,,,,,,,,,,,,,,,,,,,,,,,,,,,,,,,,,,,,,,,,,,,,,,,,,,,,,,,,,,,,,,,,,,,,,,,,,,,,,,,,,,,,,,,,,,,,,,,,,,,,,,,,,,,,,,,,,,,,,,,,,,,,,,,,,,,,,,,,,,,,,,,,,,,,,,,,,,,,,,,,,,,,,,,,,,,,,,,,,,,,,,,,,,,,,,,,,,,,,,,,,,,,,,,,,,,,,,,,,,,,,,,,,,,,,,,,,,,,,,,,,,,,,,,,,,,,,,,,,,,,,,,,,,,,,,,,,,,,,,,,,,,,,,,,,,,,,,,,,,,,,,,,,
"2019",,,,,,,,,,,,,,,,,,,,574.8,16.9,2.9,158.2,14.9,20.6,36.2,5.1,15.8,117.4,11,26.7,42,71.4,23.3,12.7,53.1,8.2,26.9,335.6854,19.39565,0.13676,101.3655,4.82915,2.97199,17.55426,10.70848,13.96254,69.23784,2.35961,34.58021,16.78929,20.95617,12.02817,2.66206,18.3132,3.93192,5.14788,283.226,5.41228,0.5338,96.45025,11.46868,6.61671,18.05783,5.37759,1.35408,68.31725,1.06574,30.62019,23.21162,21.06934,12.8637,4.77951,24.44376,2.20768,12.24134,485.1477,3.13333,0.3448,138.2227,11.65799,5.1256,39.65406,6.37935,20.07091,173.4759,16.34985,95.93721,49.05703,32.0063,13.92402,7.1416,23.40847,6.51497,2.33986,,,,,,,,,,,,,,,,,,,,345.5733,5.24947,0.12927,106.5729,2.86342,4.20713,27.22707,8.20762,7.21744,78.50466,2.78953,45.15319,15.11669,22.44881,15.64133,5.73112,26.84841,4.57553,10.34082,571.8301,11.89743,1.58035,71.06473,5.77367,5.74652,6.21011,6.04032,71.86201,150.1552,14.29944,92.40584,32.07944,30.76545,56.0383,24.61545,58.70492,12.86302,5.28958,480.8148,12.59438,0.09376,102.5507,2.24113,4.69085,25.54105,8.55425,10.58036,128.0806,10.25874,73.49405,22.26644,39.11728,20.4126,8.97714,45.92367,11.10011,14.51113,,,,,,,,,,,,,,,,,,,,395.5594,9.91553,1.53908,104.025,13.4117,5.08898,12.83899,6.46887,10.95458,95.55398,11.93767,36.70647,32.18961,27.40626,30.7655,10.80892,38.3871,13.47498,8.04222,434.8235,13.59552,2.37218,84.23248,11.31788,3.82423,9.72336,6.81688,9.12924,130.4146,11.14967,76.09247,29.57346,34.98908,19.47471,4.51815,63.66584,14.71917,3.73826,384.3431,9.02355,0.53413,83.93385,10.68794,6.19242,5.55764,6.30581,14.86792,92.55423,12.84356,40.74167,24.44193,21.41992,26.04207,6.23514,46.73161,14.00159,7.62343,,,,,,,,,,,,,,,,,,,,371.5516,4.99362,0.21396,108.3336,4.15884,4.77616,22.7916,9.29792,8.48257,123.1566,11.74159,67.28296,19.61225,19.83775,16.31027,8.55636,28.70506,4.18177,10.40222,379.8261,8.40932,0.17757,114.0551,3.31053,3.88883,28.48468,10.34683,4.20672,88.72982,1.78421,44.62191,21.10632,27.39763,19.0716,7.38079,33.87904,5.10298,13.92826,477.2024,7.806,0.1313,128.7677,4.84431,4.0504,24.03668,8.97677,15.3802,182.251,9.12942,118.9047,30.05773,20.56908,25.97924,12.83425,32.40451,5.54022,9.48255,387.3603,7.79811,0.16835,125.5404,3.95565,3.70525,28.82189,10.24333,9.05162,84.30361,3.86258,36.00346,23.60055,35.02625,18.04197,6.98194,19.13888,2.9991,7.63287,479.5803,6.99986,0.61619,130.4843,10.1155,3.91225,23.24129,9.32843,5.03642,205.7854,66.41584,80.39299,31.2263,9.40868,28.28775,17.28969,33.95026,3.7027,11.96329,373.4055,2.17774,0.17361,95.00057,3.36738,4.00902,17.23862,7.8157,3.50569,114.5757,11.23395,58.59629,24.53563,11.93774,19.97185,11.51133,32.65268,3.08814,13.43368,338.5972,6.09512,0.23247,123.7158,3.7612,6.65583,27.51257,10.80883,5.71268,68.93103,2.64252,30.16924,16.74193,16.87111,16.13673,6.54366,29.19388,4.59952,9.64643,370.18,7.04679,0.14642,114.2442,4.7966,4.02787,24.7683,10.03631,6.48184,107.2739,8.3614,56.08806,18.75154,22.65528,20.0047,9.69244,23.02097,2.9825,8.2712,391.7293,17.53389,0.2516,118.3728,5.84545,5.75231,30.94743,9.88683,4.49421,120.5108,7.4827,63.02103,35.72407,23.5135,12.97389,3.86594,23.82458,6.67956,3.62485,602.4429,3.92324,0.37801,162.444,6.76531,4.19424,43.53735,11.59365,11.33228,265.5397,29.83799,155.0706,50.69285,33.29542,34.64444,19.02944,33.93242,6.33196,11.77492,347.9221,3.58953,,104.7315,3.119,3.81765,21.77032,9.47676,4.21709,94.92826,2.86555,54.4555,18.38803,20.90282,9.54806,1.72218,26.37011,1.78293,11.15036,366.8036,3.95924,0.27524,114.1118,4.46832,3.97153,24.05215,10.10668,4.68128,93.15474,1.87076,53.73277,19.26678,31.99143,12.96422,4.13035,20.0441,2.92209,8.89948,324.4629,7.93997,0.20126,105.7215,5.99818,5.97407,21.67776,9.07259,9.20867,95.14834,10.76787,42.42494,25.15096,19.34315,12.37781,3.92277,17.75258,4.12917,4.33191,640.1803,11.73711,2.34227,144.3384,11.1549,3.9645,23.51502,11.48145,10.89269,312.5828,19.90927,146.6457,99.14342,9.95294,29.70288,13.02929,55.54059,7.1685,16.06308,606.877,12.68007,2.74502,141.5127,10.82413,4.10022,22.61361,10.82181,7.83909,284.0838,15.84864,174.7001,65.24085,9.5343,38.468,16.32522,56.33009,7.2352,20.15452,346.0857,6.40549,0.12925,108.9703,4.47479,4.47842,25.46962,10.62447,4.82912,94.55136,3.38915,48.89693,18.65028,23.44444,18.23302,8.07419,25.65537,3.61669,8.61757,366.8739,7.91856,0.07433,125.4207,3.57756,3.17848,29.84857,10.04214,5.61651,79.10929,1.61679,38.43894,20.65767,25.97673,11.71779,3.02232,25.43649,2.82852,9.27012,338.6793,7.8562,0.11279,105.4239,3.15044,2.58953,22.08931,6.81587,4.84724,76.97977,1.54108,40.10205,18.15659,25.90699,11.40843,2.40717,24.69631,1.76207,9.90762,502.9039,3.56931,1.002,147.8053,7.91237,3.10082,34.89428,10.73928,10.67332,188.6664,5.3138,125.4369,37.09393,20.07452,28.68015,14.34572,32.10182,8.18258,9.30191,373.759,8.47222,0.82595,116.1938,9.98594,5.43916,19.1945,8.50164,10.79119,96.50371,4.54538,39.25074,34.67917,22.85564,19.17774,6.02845,25.87892,5.99257,7.22418,509.6244,4.15471,0.29644,157.2452,8.29179,4.70382,25.91179,11.02419,7.44842,160.1506,9.83921,99.60465,35.89743,13.44126,33.79315,17.16206,39.92516,5.28282,9.30807,386.0604,1.87248,0.27924,134.5226,7.14822,6.03985,27.44382,9.87584,6.03505,126.0315,11.84401,57.5429,31.51369,13.41919,18.90615,10.89815,36.79869,4.41307,13.96579,316.3485,6.3866,0.21712,102.259,5.22718,4.88404,22.84086,6.85966,5.00874,77.09648,4.72038,34.86456,18.3679,27.05429,16.01046,4.78955,16.98118,3.14755,5.28119,346.1125,7.8344,0.09327,97.40246,2.74939,3.36034,16.11131,7.18029,6.8527,98.83662,5.3232,50.9801,19.80868,19.2617,12.28215,3.99403,26.78493,2.56489,12.3731,306.9998,4.30019,0.10072,96.94141,3.30362,4.35224,19.52042,8.30166,4.36595,81.16829,8.02375,41.50938,14.92295,16.19844,12.65012,4.36954,23.05825,1.71408,9.82947,378.9627,4.99841,0.24789,113.2133,3.32336,3.64333,24.68404,9.39087,3.58526,84.89815,2.97344,43.07839,20.17017,28.02474,20.71349,7.89956,20.30097,2.81014,6.87717,,,,,,,,,,,,,,,,,,,,,,,,,,,,,,,,,,,,,,,320.0421,5.43894,0.10479,101.0939,2.79759,4.61207,18.96625,7.82356,8.50028,72.74924,2.59624,37.36385,17.13244,22.55564,12.35642,3.89434,26.3075,4.46264,11.2523,355.7701,4.08181,0.20052,114.502,3.8224,3.48395,21.61133,9.39976,8.34207,94.77354,3.04331,49.59426,22.24027,23.8037,10.7891,2.07248,31.56975,8.82802,10.29507
